ID;Id Delegacia (RDO);Número BO (RDO);Ano BO (RDO);Data do Acidente;Dia do Acidente;Mês do Acidente;Ano do Acidente;Ano/Mês do Acidente;Dia da semana;Hora do Acidente;Turno;Município;Região Administrativa;Logradouro;Numeral / KM;Jurisdição;Administração;Conservação;Tipo do Local do Acidente;Lat (GEO);Long (GEO);Iluminação da via (SIOPM);Superfície da Via (SIOPM);Tipo de pista (SIOPM);Outro Veículo Envolvido;Tipo de via;Condições Climáticas (SIOPM);Sentido da Via (SIOPM);Limite da velocidade da via (SIOPM);Quantidade de vítimas;Tempo entre o Acidente e as Mortes
3062726;100919;28931;2018;2018/12/29;29;DEZEMBRO;2018;2018.12;SÁBADO;07:46:00;MANHA;RIBEIRAO PRETO;Ribeirão Preto;RUA PARANA;805,0;MUNICIPAL;PREFEITURA;PREFEITURA;PUBLICO;-21,15933;-47,823101;NAO DISPONIVEL;NAO DISPONIVEL;NAO DISPONIVEL;AUTOMOVEL;Vias Municipais;NAO DISPONIVEL;NAO DISPONIVEL;NAO DISPONIVEL;1;Até 30 dias
3062718;100919;28965;2018;2018/12/29;29;DEZEMBRO;2018;2018.12;SÁBADO;16:34:00;TARDE;RIBEIRAO PRETO;Ribeirão Preto;RUA GENERAL CAMARA;1007,0;MUNICIPAL;PREFEITURA;PREFEITURA;PUBLICO;-21,149185;-47,822511;NAO DISPONIVEL;NAO DISPONIVEL;NAO DISPONIVEL;MOTOCICLETA;Vias Municipais;NAO DISPONIVEL;NAO DISPONIVEL;NAO DISPONIVEL;1;Até 30 dias
3062637;100919;28447;2018;2018/12/23;23;DEZEMBRO;2018;2018.12;DOMINGO;01:10:00;MADRUGADA;RIBEIRAO PRETO;Ribeirão Preto;RUA GENERAL CAMARA;1436,0;MUNICIPAL;PREFEITURA;PREFEITURA;PUBLICO;-21,146155;-47,819802;NAO DISPONIVEL;NAO DISPONIVEL;NAO DISPONIVEL;NAO DISPONIVEL;Vias Municipais;NAO DISPONIVEL;NAO DISPONIVEL;NAO DISPONIVEL;1;Até 30 dias
3062501;100919;27864;2018;2018/12/16;16;DEZEMBRO;2018;2018.12;DOMINGO;01:50:00;MADRUGADA;RIBEIRAO PRETO;Ribeirão Preto;AVENIDA ETORE E AURORA CORAUCCI;NAO DISPONIVEL;MUNICIPAL;PREFEITURA;PREFEITURA;PUBLICO;-21,126675;-47,830066;NAO DISPONIVEL;NAO DISPONIVEL;NAO DISPONIVEL;AUTOMOVEL;Vias Municipais;NAO DISPONIVEL;NAO DISPONIVEL;NAO DISPONIVEL;1;Até 30 dias
3062847;100919;27865;2018;2018/12/16;16;DEZEMBRO;2018;2018.12;DOMINGO;00:36:00;MADRUGADA;RIBEIRAO PRETO;Ribeirão Preto;RUA LAFAIETE;175,0;MUNICIPAL;PREFEITURA;PREFEITURA;PUBLICO;-21,176732;-47,813546;NAO DISPONIVEL;NAO DISPONIVEL;NAO DISPONIVEL;AUTOMOVEL;Vias Municipais;NAO DISPONIVEL;NAO DISPONIVEL;NAO DISPONIVEL;1;Até 30 dias
3062514;100919;27914;2018;2018/12/16;16;DEZEMBRO;2018;2018.12;DOMINGO;15:00:00;TARDE;RIBEIRAO PRETO;Ribeirão Preto;RUA CORONEL AMERICO BATISTA;2840,0;MUNICIPAL;PREFEITURA;PREFEITURA;PUBLICO;-21,138278;-47,828431;NAO DISPONIVEL;NAO DISPONIVEL;NAO DISPONIVEL;NÃO HÁ;Vias Municipais;NAO DISPONIVEL;NAO DISPONIVEL;NAO DISPONIVEL;1;Até 30 dias
3028093;100919;26032;2018;2018/11/24;24;NOVEMBRO;2018;2018.11;SÁBADO;13:30:00;TARDE;RIBEIRAO PRETO;Ribeirão Preto;AVENIDA EDUARDO ANDREIA MATARAZZO;3100,0;MUNICIPAL;PREFEITURA;PREFEITURA;PUBLICO;-21,134037;-47,803425;NAO DISPONIVEL;NAO DISPONIVEL;NAO DISPONIVEL;NÃO HÁ;Vias Municipais;NAO DISPONIVEL;NAO DISPONIVEL;NAO DISPONIVEL;1;Até 30 dias
3028033;100919;25529;2018;2018/11/18;18;NOVEMBRO;2018;2018.11;DOMINGO;09:00:00;MANHA;RIBEIRAO PRETO;Ribeirão Preto;AVENIDA OCTAVIO GLOFETO;624,0;MUNICIPAL;PREFEITURA;PREFEITURA;PUBLICO;-21,134876;-47,830032;NAO DISPONIVEL;NAO DISPONIVEL;NAO DISPONIVEL;NÃO HÁ;Vias Municipais;NAO DISPONIVEL;NAO DISPONIVEL;NAO DISPONIVEL;1;Até 30 dias
3027947;100919;25095;2018;2018/11/12;12;NOVEMBRO;2018;2018.11;SEGUNDA;22:45:00;NOITE;RIBEIRAO PRETO;Ribeirão Preto;RUA SALDANHA MARINHO;111,0;MUNICIPAL;PREFEITURA;PREFEITURA;PUBLICO;-21,172209;-47,810018;NAO DISPONIVEL;NAO DISPONIVEL;NAO DISPONIVEL;AUTOMOVEL;Vias Municipais;NAO DISPONIVEL;NAO DISPONIVEL;NAO DISPONIVEL;1;Até 30 dias
3027815;100919;24128;2018;2018/11/02;2;NOVEMBRO;2018;2018.11;SEXTA;06:30:00;MANHA;RIBEIRAO PRETO;Ribeirão Preto;RUA CORONEL LUIS DA CUNHA;642,0;MUNICIPAL;PREFEITURA;PREFEITURA;PUBLICO;-21,167687;-47,817767;NAO DISPONIVEL;NAO DISPONIVEL;NAO DISPONIVEL;AUTOMOVEL;Vias Municipais;NAO DISPONIVEL;NAO DISPONIVEL;NAO DISPONIVEL;1;Até 30 dias
3027756;100919;23770;2018;2018/10/29;29;OUTUBRO;2018;2018.10;SEGUNDA;08:10:00;MANHA;RIBEIRAO PRETO;Ribeirão Preto;RUA RIO CLARO;227,0;MUNICIPAL;PREFEITURA;PREFEITURA;PUBLICO;-21,12913;-47,785482;NAO DISPONIVEL;NAO DISPONIVEL;NAO DISPONIVEL;CAMINHAO;Vias Municipais;NAO DISPONIVEL;NAO DISPONIVEL;NAO DISPONIVEL;1;Até 30 dias
3027856;100919;23887;2018;2018/10/28;28;OUTUBRO;2018;2018.10;DOMINGO;20:00:00;NOITE;RIBEIRAO PRETO;Ribeirão Preto;RUA PALMIRO BIM;0,0;MUNICIPAL;PREFEITURA;PREFEITURA;PUBLICO;-21,121849;-47,818401;NAO DISPONIVEL;NAO DISPONIVEL;NAO DISPONIVEL;NAO DISPONIVEL;Vias Municipais;NAO DISPONIVEL;NAO DISPONIVEL;NAO DISPONIVEL;1;Até 30 dias
3027699;100919;23489;2018;2018/10/25;25;OUTUBRO;2018;2018.10;QUINTA;10:51:00;MANHA;RIBEIRAO PRETO;Ribeirão Preto;AVENIDA RIO PARDO;3900,0;MUNICIPAL;PREFEITURA;PREFEITURA;PUBLICO;-21,154576;-47,83849;NAO DISPONIVEL;NAO DISPONIVEL;NAO DISPONIVEL;CAMINHAO;Vias Municipais;NAO DISPONIVEL;NAO DISPONIVEL;NAO DISPONIVEL;1;Até 30 dias
3027759;100919;23338;2018;2018/10/23;23;OUTUBRO;2018;2018.10;TERÇA;19:00:00;NOITE;RIBEIRAO PRETO;Ribeirão Preto;AVENIDA DOUTOR FRANCISCO JUNQUEIRA;536,0;MUNICIPAL;PREFEITURA;PREFEITURA;PUBLICO;-21,172302;-47,807062;NAO DISPONIVEL;NAO DISPONIVEL;NAO DISPONIVEL;CAMINHAO;Vias Municipais;NAO DISPONIVEL;NAO DISPONIVEL;NAO DISPONIVEL;1;Até 30 dias
3027608;100919;22945;2018;2018/10/18;18;OUTUBRO;2018;2018.10;QUINTA;20:53:00;NOITE;RIBEIRAO PRETO;Ribeirão Preto;RUA COMANDANTE ARMANDO MARIM;17,0;MUNICIPAL;PREFEITURA;PREFEITURA;PUBLICO;-21,197668;-47,839818;NAO DISPONIVEL;NAO DISPONIVEL;NAO DISPONIVEL;ONIBUS;Vias Municipais;NAO DISPONIVEL;NAO DISPONIVEL;NAO DISPONIVEL;1;Até 30 dias
3027166;100919;20897;2018;2018/09/23;23;SETEMBRO;2018;2018.09;DOMINGO;06:00:00;MANHA;RIBEIRAO PRETO;Ribeirão Preto;AVENIDA EDUARDO ANDREIA MATARAZZO;700,0;MUNICIPAL;PREFEITURA;PREFEITURA;PUBLICO;-21,1552957504115;-47,8102945697891;NAO DISPONIVEL;NAO DISPONIVEL;NAO DISPONIVEL;NÃO HÁ;Vias Municipais;NAO DISPONIVEL;NAO DISPONIVEL;NAO DISPONIVEL;1;Até 30 dias
3027184;100919;20945;2018;2018/09/23;23;SETEMBRO;2018;2018.09;DOMINGO;21:45:00;NOITE;RIBEIRAO PRETO;Ribeirão Preto;SP 330;314,1;ESTADUAL;CONCESSIONÁRIA-ARTESP;VIAPAULISTA;PUBLICO;-21,147455804417174;-47,75873344954897;NAO DISPONIVEL;NAO DISPONIVEL;NAO DISPONIVEL;NAO DISPONIVEL;Rodovias;NAO DISPONIVEL;NAO DISPONIVEL;NAO DISPONIVEL;1;Até 30 dias
3027190;100919;20428;2018;2018/09/17;17;SETEMBRO;2018;2018.09;SEGUNDA;NAO DISPONIVEL;NAO DISPONIVEL;RIBEIRAO PRETO;Ribeirão Preto;AVENIDA MARECHAL COSTA E SILVA;1526,0;MUNICIPAL;PREFEITURA;PREFEITURA;PUBLICO;-21,155583;-47,806223;NAO DISPONIVEL;NAO DISPONIVEL;NAO DISPONIVEL;AUTOMOVEL;Vias Municipais;NAO DISPONIVEL;NAO DISPONIVEL;NAO DISPONIVEL;1;Até 30 dias
3027455;100919;20052;2018;2018/09/11;11;SETEMBRO;2018;2018.09;TERÇA;08:30:00;MANHA;RIBEIRAO PRETO;Ribeirão Preto;NAO DISPONIVEL;NAO DISPONIVEL;NAO DISPONIVEL;NAO DISPONIVEL;NAO DISPONIVEL;NAO DISPONIVEL;NAO DISPONIVEL;NAO DISPONIVEL;NAO DISPONIVEL;NAO DISPONIVEL;NAO DISPONIVEL;MOTOCICLETA;NAO DISPONIVEL;NAO DISPONIVEL;NAO DISPONIVEL;NAO DISPONIVEL;1;Até 30 dias
3027281;100919;19804;2018;2018/09/07;7;SETEMBRO;2018;2018.09;SEXTA;21:40:00;NOITE;RIBEIRAO PRETO;Ribeirão Preto;SP 330;316,1;ESTADUAL;CONCESSIONÁRIA-ARTESP;VIAPAULISTA;PUBLICO;-21,130906786228913;-47,767279304038674;NAO DISPONIVEL;NAO DISPONIVEL;NAO DISPONIVEL;MOTOCICLETA;Rodovias;NAO DISPONIVEL;NAO DISPONIVEL;NAO DISPONIVEL;1;Até 30 dias
3027003;100919;19993;2018;2018/09/07;7;SETEMBRO;2018;2018.09;SEXTA;21:30:00;NOITE;RIBEIRAO PRETO;Ribeirão Preto;SP 330;316,0;ESTADUAL;CONCESSIONÁRIA-ARTESP;VIAPAULISTA;PUBLICO;-21,131667074488274;-47,76673396857362;NAO DISPONIVEL;NAO DISPONIVEL;NAO DISPONIVEL;BICICLETA;Rodovias;NAO DISPONIVEL;NAO DISPONIVEL;NAO DISPONIVEL;1;Até 30 dias
3024625;100919;19044;2018;2018/08/24;24;AGOSTO;2018;2018.08;SEXTA;08:35:00;MANHA;RIBEIRAO PRETO;Ribeirão Preto;SP 330;310,7;ESTADUAL;CONCESSIONÁRIA-ARTESP;VIAPAULISTA;PUBLICO;-21,178987244989347;-47,75694807411256;NAO DISPONIVEL;NAO DISPONIVEL;NAO DISPONIVEL;NÃO HÁ;Rodovias;NAO DISPONIVEL;NAO DISPONIVEL;NAO DISPONIVEL;1;Até 30 dias
3022187;100919;18422;2018;2018/08/21;21;AGOSTO;2018;2018.08;TERÇA;NAO DISPONIVEL;NAO DISPONIVEL;RIBEIRAO PRETO;Ribeirão Preto;SP 255;14,0;ESTADUAL;CONCESSIONÁRIA-ARTESP;VIAPAULISTA;PUBLICO;-21,312730098;-47,822978706;NAO DISPONIVEL;NAO DISPONIVEL;NAO DISPONIVEL;CAMINHAO;Rodovias;NAO DISPONIVEL;NAO DISPONIVEL;NAO DISPONIVEL;2;Até 30 dias
3022248;100919;18455;2018;2018/08/21;21;AGOSTO;2018;2018.08;TERÇA;15:00:00;TARDE;RIBEIRAO PRETO;Ribeirão Preto;RUA ESPIRITO SANTO;2154,0;MUNICIPAL;PREFEITURA;PREFEITURA;PUBLICO;-21,149955;-47,815034;NAO DISPONIVEL;NAO DISPONIVEL;NAO DISPONIVEL;AUTOMOVEL;Vias Municipais;NAO DISPONIVEL;NAO DISPONIVEL;NAO DISPONIVEL;1;Até 30 dias
3024563;100919;18259;2018;2018/08/19;19;AGOSTO;2018;2018.08;DOMINGO;07:39:00;MANHA;RIBEIRAO PRETO;Ribeirão Preto;SP 330;324,3;ESTADUAL;CONCESSIONÁRIA-ARTESP;ENTREVIAS;PUBLICO;-21,070793255478133;-47,81135390300352;NAO DISPONIVEL;NAO DISPONIVEL;NAO DISPONIVEL;AUTOMOVEL;Rodovias;NAO DISPONIVEL;NAO DISPONIVEL;NAO DISPONIVEL;1;Até 30 dias
3024565;100919;18298;2018;2018/08/19;19;AGOSTO;2018;2018.08;DOMINGO;18:25:00;NOITE;RIBEIRAO PRETO;Ribeirão Preto;SP 330;304,5;ESTADUAL;CONCESSIONÁRIA-ARTESP;VIAPAULISTA;PUBLICO;-21,236297853911626;-47,75917383313793;NAO DISPONIVEL;NAO DISPONIVEL;NAO DISPONIVEL;NÃO HÁ;Rodovias;NAO DISPONIVEL;NAO DISPONIVEL;NAO DISPONIVEL;1;Até 30 dias
3022056;100919;18174;2018;2018/08/17;17;AGOSTO;2018;2018.08;SEXTA;NAO DISPONIVEL;NAO DISPONIVEL;RIBEIRAO PRETO;Ribeirão Preto;ESTRADA JOSE ANTONIO BERNARDES;585,0;MUNICIPAL;PREFEITURA;PREFEITURA;PUBLICO;-21,150051;-47,842271;NAO DISPONIVEL;NAO DISPONIVEL;NAO DISPONIVEL;NÃO HÁ;Vias Municipais;NAO DISPONIVEL;NAO DISPONIVEL;NAO DISPONIVEL;1;Até 30 dias
3022058;100919;17806;2018;2018/08/13;13;AGOSTO;2018;2018.08;SEGUNDA;12:06:00;TARDE;RIBEIRAO PRETO;Ribeirão Preto;RUA LUIS BARRETO;498,0;MUNICIPAL;PREFEITURA;PREFEITURA;PUBLICO;-21,1603370936346;-47,8062753686923;NAO DISPONIVEL;NAO DISPONIVEL;NAO DISPONIVEL;MOTOCICLETA;Vias Municipais;NAO DISPONIVEL;NAO DISPONIVEL;NAO DISPONIVEL;1;Até 30 dias
3021673;100919;17276;2018;2018/08/06;6;AGOSTO;2018;2018.08;SEGUNDA;14:10:00;TARDE;RIBEIRAO PRETO;Ribeirão Preto;AVENIDA DOUTOR PLINIO DE CASTRO PRADO;385,0;MUNICIPAL;PREFEITURA;PREFEITURA;PUBLICO;-21,18779126515;-47,79405464825;NAO DISPONIVEL;NAO DISPONIVEL;NAO DISPONIVEL;AUTOMOVEL;Vias Municipais;NAO DISPONIVEL;NAO DISPONIVEL;NAO DISPONIVEL;1;Até 30 dias
3021917;100919;17820;2018;2018/08/01;1;AGOSTO;2018;2018.08;QUARTA;20:00:00;NOITE;RIBEIRAO PRETO;Ribeirão Preto;RUA UBATUBA;1101,0;MUNICIPAL;PREFEITURA;PREFEITURA;PUBLICO;-21,127252;-47,769298;NAO DISPONIVEL;NAO DISPONIVEL;NAO DISPONIVEL;MOTOCICLETA;Vias Municipais;NAO DISPONIVEL;NAO DISPONIVEL;NAO DISPONIVEL;1;Até 30 dias
3021880;100919;17423;2018;2018/07/30;30;JULHO;2018;2018.07;SEGUNDA;NAO DISPONIVEL;NAO DISPONIVEL;RIBEIRAO PRETO;Ribeirão Preto;NAO DISPONIVEL;NAO DISPONIVEL;NAO DISPONIVEL;NAO DISPONIVEL;NAO DISPONIVEL;NAO DISPONIVEL;NAO DISPONIVEL;NAO DISPONIVEL;NAO DISPONIVEL;NAO DISPONIVEL;NAO DISPONIVEL;NAO DISPONIVEL;NAO DISPONIVEL;NAO DISPONIVEL;NAO DISPONIVEL;NAO DISPONIVEL;1;Até 30 dias
3023780;100919;16635;2018;2018/07/29;29;JULHO;2018;2018.07;DOMINGO;NAO DISPONIVEL;NAO DISPONIVEL;RIBEIRAO PRETO;Ribeirão Preto;AVENIDA PRESIDENTE VARGAS;3500,0;MUNICIPAL;PREFEITURA;PREFEITURA;PUBLICO;-21,215241;-47,814979;NAO DISPONIVEL;NAO DISPONIVEL;NAO DISPONIVEL;NÃO HÁ;Vias Municipais;NAO DISPONIVEL;NAO DISPONIVEL;NAO DISPONIVEL;1;Até 30 dias
3023399;100919;16248;2018;2018/07/24;24;JULHO;2018;2018.07;TERÇA;00:35:00;MADRUGADA;RIBEIRAO PRETO;Ribeirão Preto;NAO DISPONIVEL;NAO DISPONIVEL;NAO DISPONIVEL;NAO DISPONIVEL;NAO DISPONIVEL;NAO DISPONIVEL;NAO DISPONIVEL;NAO DISPONIVEL;NAO DISPONIVEL;NAO DISPONIVEL;NAO DISPONIVEL;NAO DISPONIVEL;NAO DISPONIVEL;NAO DISPONIVEL;NAO DISPONIVEL;NAO DISPONIVEL;1;Até 30 dias
3023297;100919;16261;2018;2018/07/24;24;JULHO;2018;2018.07;TERÇA;12:00:00;TARDE;RIBEIRAO PRETO;Ribeirão Preto;RUA PADRE ANCHIETA;2090,0;MUNICIPAL;PREFEITURA;PREFEITURA;PUBLICO;-21,164496;-47,836203;NAO DISPONIVEL;NAO DISPONIVEL;NAO DISPONIVEL;AUTOMOVEL;Vias Municipais;NAO DISPONIVEL;NAO DISPONIVEL;NAO DISPONIVEL;1;Até 30 dias
3023223;100919;16143;2018;2018/07/22;22;JULHO;2018;2018.07;DOMINGO;23:57:00;NOITE;RIBEIRAO PRETO;Ribeirão Preto;AVENIDA MOGIANA;2485,0;MUNICIPAL;PREFEITURA;PREFEITURA;PUBLICO;-21,151572;-47,781848;NAO DISPONIVEL;NAO DISPONIVEL;NAO DISPONIVEL;NÃO HÁ;Vias Municipais;NAO DISPONIVEL;NAO DISPONIVEL;NAO DISPONIVEL;1;Até 30 dias
3024417;100919;15272;2018;2018/07/12;12;JULHO;2018;2018.07;QUINTA;07:30:00;MANHA;RIBEIRAO PRETO;Ribeirão Preto;RUA DAVI DOS SANTOS;NAO DISPONIVEL;MUNICIPAL;PREFEITURA;PREFEITURA;PUBLICO;-21,116683968;-47,8133901419999;NAO DISPONIVEL;NAO DISPONIVEL;NAO DISPONIVEL;AUTOMOVEL;Vias Municipais;NAO DISPONIVEL;NAO DISPONIVEL;NAO DISPONIVEL;1;Até 30 dias
3022706;100919;15119;2018;2018/07/09;9;JULHO;2018;2018.07;SEGUNDA;20:18:00;NOITE;RIBEIRAO PRETO;Ribeirão Preto;RUA ENOCK DE PAULA;335,0;MUNICIPAL;PREFEITURA;PREFEITURA;PUBLICO;-21,20963;-47,755281;NAO DISPONIVEL;NAO DISPONIVEL;NAO DISPONIVEL;AUTOMOVEL;Vias Municipais;NAO DISPONIVEL;NAO DISPONIVEL;NAO DISPONIVEL;1;Até 30 dias
3022356;100919;14594;2018;2018/07/02;2;JULHO;2018;2018.07;SEGUNDA;14:37:00;TARDE;RIBEIRAO PRETO;Ribeirão Preto;AVENIDA ALFREDO RAVANELI;3559,0;MUNICIPAL;PREFEITURA;PREFEITURA;PUBLICO;-21,182495;-47,734786;NAO DISPONIVEL;NAO DISPONIVEL;NAO DISPONIVEL;NÃO HÁ;Vias Municipais;NAO DISPONIVEL;NAO DISPONIVEL;NAO DISPONIVEL;1;Até 30 dias
3022211;100919;14237;2018;2018/06/27;27;JUNHO;2018;2018.06;QUARTA;NAO DISPONIVEL;NAO DISPONIVEL;RIBEIRAO PRETO;Ribeirão Preto;NAO DISPONIVEL;NAO DISPONIVEL;NAO DISPONIVEL;NAO DISPONIVEL;NAO DISPONIVEL;NAO DISPONIVEL;NAO DISPONIVEL;NAO DISPONIVEL;NAO DISPONIVEL;NAO DISPONIVEL;NAO DISPONIVEL;NAO DISPONIVEL;NAO DISPONIVEL;NAO DISPONIVEL;NAO DISPONIVEL;NAO DISPONIVEL;1;Até 30 dias
3022216;100919;14239;2018;2018/06/27;27;JUNHO;2018;2018.06;QUARTA;NAO DISPONIVEL;NAO DISPONIVEL;RIBEIRAO PRETO;Ribeirão Preto;AVENIDA MARECHAL COSTA E SILVA;4546,0;MUNICIPAL;PREFEITURA;PREFEITURA;PUBLICO;-21,1300227434685;-47,7912484114077;NAO DISPONIVEL;NAO DISPONIVEL;NAO DISPONIVEL;NÃO HÁ;Vias Municipais;NAO DISPONIVEL;NAO DISPONIVEL;NAO DISPONIVEL;1;Até 30 dias
3022076;100919;14022;2018;2018/06/25;25;JUNHO;2018;2018.06;SEGUNDA;06:45:00;MANHA;RIBEIRAO PRETO;Ribeirão Preto;AVENIDA ALVARO DE LIMA;NAO DISPONIVEL;MUNICIPAL;PREFEITURA;PREFEITURA;PUBLICO;-21,179901;-47,819502;NAO DISPONIVEL;NAO DISPONIVEL;NAO DISPONIVEL;NÃO HÁ;Vias Municipais;NAO DISPONIVEL;NAO DISPONIVEL;NAO DISPONIVEL;1;Até 30 dias
3025069;100919;13871;2018;2018/06/23;23;JUNHO;2018;2018.06;SÁBADO;NAO DISPONIVEL;NAO DISPONIVEL;RIBEIRAO PRETO;Ribeirão Preto;SP 328;337,0;ESTADUAL;CONCESSIONÁRIA-ARTESP;ENTREVIAS;PUBLICO;-21,147415;-47,880257;NAO DISPONIVEL;NAO DISPONIVEL;NAO DISPONIVEL;NAO DISPONIVEL;Rodovias;NAO DISPONIVEL;NAO DISPONIVEL;NAO DISPONIVEL;1;Até 30 dias
3022432;100919;13661;2018;2018/06/19;19;JUNHO;2018;2018.06;TERÇA;21:00:00;NOITE;RIBEIRAO PRETO;Ribeirão Preto;AVENIDA COSTABILE ROMANO;1409,0;MUNICIPAL;PREFEITURA;PREFEITURA;PUBLICO;-21,1974203683;-47,7942976755999;NAO DISPONIVEL;NAO DISPONIVEL;NAO DISPONIVEL;MOTOCICLETA;Vias Municipais;NAO DISPONIVEL;NAO DISPONIVEL;NAO DISPONIVEL;1;Até 30 dias
3022274;100919;13508;2018;2018/06/18;18;JUNHO;2018;2018.06;SEGUNDA;NAO DISPONIVEL;NAO DISPONIVEL;RIBEIRAO PRETO;Ribeirão Preto;SP 255;4,77;ESTADUAL;CONCESSIONÁRIA-ARTESP;VIAPAULISTA;PUBLICO;-21,238203;-47,783371;NAO DISPONIVEL;NAO DISPONIVEL;NAO DISPONIVEL;CAMINHAO;Rodovias;NAO DISPONIVEL;NAO DISPONIVEL;NAO DISPONIVEL;1;Até 30 dias
3025066;100919;13580;2018;2018/06/18;18;JUNHO;2018;2018.06;SEGUNDA;18:50:00;NOITE;RIBEIRAO PRETO;Ribeirão Preto;AVENIDA BANDEIRANTES;3900,0;MUNICIPAL;PREFEITURA;PREFEITURA;PUBLICO;-21,176909;-47,844702;NAO DISPONIVEL;NAO DISPONIVEL;NAO DISPONIVEL;MOTOCICLETA;Vias Municipais;NAO DISPONIVEL;NAO DISPONIVEL;NAO DISPONIVEL;2;Até 30 dias
3025051;100919;13502;2018;2018/06/17;17;JUNHO;2018;2018.06;DOMINGO;19:30:00;NOITE;RIBEIRAO PRETO;Ribeirão Preto;SP 330;317,0;ESTADUAL;CONCESSIONÁRIA-ARTESP;VIAPAULISTA;PUBLICO;-21,124016;-47,772256;NAO DISPONIVEL;NAO DISPONIVEL;NAO DISPONIVEL;AUTOMOVEL;Rodovias;NAO DISPONIVEL;NAO DISPONIVEL;NAO DISPONIVEL;1;Até 30 dias
3023793;100919;13338;2018;2018/06/15;15;JUNHO;2018;2018.06;SEXTA;07:00:00;MANHA;RIBEIRAO PRETO;Ribeirão Preto;AVENIDA DOUTOR FRANCISCO JUNQUEIRA;2245,0;MUNICIPAL;PREFEITURA;PREFEITURA;PUBLICO;-21,185011;-47,799146;NAO DISPONIVEL;NAO DISPONIVEL;NAO DISPONIVEL;NÃO HÁ;Vias Municipais;NAO DISPONIVEL;NAO DISPONIVEL;NAO DISPONIVEL;3;Até 30 dias
3022694;100919;13225;2018;2018/06/13;13;JUNHO;2018;2018.06;QUARTA;16:48:00;TARDE;RIBEIRAO PRETO;Ribeirão Preto;RUA DOM LUIS DO AMARAL MOUSINHO;3025,0;MUNICIPAL;PREFEITURA;PREFEITURA;PUBLICO;-21,188336;-47,779153;NAO DISPONIVEL;NAO DISPONIVEL;NAO DISPONIVEL;CAMINHAO;Vias Municipais;NAO DISPONIVEL;NAO DISPONIVEL;NAO DISPONIVEL;1;Até 30 dias
3025017;100919;13035;2018;2018/06/11;11;JUNHO;2018;2018.06;SEGUNDA;08:15:00;MANHA;RIBEIRAO PRETO;Ribeirão Preto;AVENIDA LUIGI ROSIELIO;622,0;MUNICIPAL;PREFEITURA;PREFEITURA;PUBLICO;-21,162038;-47,84262;NAO DISPONIVEL;NAO DISPONIVEL;NAO DISPONIVEL;AUTOMOVEL;Vias Municipais;NAO DISPONIVEL;NAO DISPONIVEL;NAO DISPONIVEL;1;Até 30 dias
3025129;100919;19028;2018;2018/06/10;10;JUNHO;2018;2018.06;DOMINGO;17:30:00;TARDE;RIBEIRAO PRETO;Ribeirão Preto;NAO DISPONIVEL;NAO DISPONIVEL;NAO DISPONIVEL;NAO DISPONIVEL;NAO DISPONIVEL;NAO DISPONIVEL;NAO DISPONIVEL;NAO DISPONIVEL;NAO DISPONIVEL;NAO DISPONIVEL;NAO DISPONIVEL;NAO DISPONIVEL;NAO DISPONIVEL;NAO DISPONIVEL;NAO DISPONIVEL;NAO DISPONIVEL;1;Mais de 30 dias
3022196;100919;12862;2018;2018/06/08;8;JUNHO;2018;2018.06;SEXTA;19:15:00;NOITE;RIBEIRAO PRETO;Ribeirão Preto;RUA ABILIO SAMPAIO;300,0;MUNICIPAL;PREFEITURA;PREFEITURA;PUBLICO;-21,184765;-47,823876;NAO DISPONIVEL;NAO DISPONIVEL;NAO DISPONIVEL;MOTOCICLETA;Vias Municipais;NAO DISPONIVEL;NAO DISPONIVEL;NAO DISPONIVEL;1;Mais de 30 dias