ID;Id Delegacia (RDO);Número BO (RDO);Ano BO (RDO);Data do Acidente;Dia do Acidente;Mês do Acidente;Ano do Acidente;Ano/Mês do Acidente;Dia da semana;Hora do Acidente;Turno;Município;Região Administrativa;Logradouro;Numeral / KM;Jurisdição;Administração;Conservação;Tipo do Local do Acidente;Lat (GEO);Long (GEO);Iluminação da via (SIOPM);Superfície da Via (SIOPM);Tipo de pista (SIOPM);Outro Veículo Envolvido;Tipo de via;Condições Climáticas (SIOPM);Sentido da Via (SIOPM);Limite da velocidade da via (SIOPM);Quantidade de vítimas;Tempo entre o Acidente e as Mortes
3021865;100919;12722;2018;2018/06/07;7;JUNHO;2018;2018.06;QUINTA;10:30:00;MANHA;RIBEIRAO PRETO;Ribeirão Preto;AVENIDA PROFESSORA DINA RIZI;1396,0;MUNICIPAL;PREFEITURA;PREFEITURA;PUBLICO;-21,163467;-47,74399;NAO DISPONIVEL;NAO DISPONIVEL;NAO DISPONIVEL;NÃO HÁ;Vias Municipais;NAO DISPONIVEL;NAO DISPONIVEL;NAO DISPONIVEL;1;Até 30 dias
3023719;100919;12302;2018;2018/06/02;2;JUNHO;2018;2018.06;SÁBADO;15:21:00;TARDE;RIBEIRAO PRETO;Ribeirão Preto;AVENIDA MARECHAL COSTA E SILVA;2940,0;MUNICIPAL;PREFEITURA;PREFEITURA;PUBLICO;-21,144824;-47,799398;NAO DISPONIVEL;NAO DISPONIVEL;NAO DISPONIVEL;CAMINHAO;Vias Municipais;NAO DISPONIVEL;NAO DISPONIVEL;NAO DISPONIVEL;1;Até 30 dias
3023715;100919;12240;2018;2018/06/01;1;JUNHO;2018;2018.06;SEXTA;NAO DISPONIVEL;NAO DISPONIVEL;RIBEIRAO PRETO;Ribeirão Preto;AVENIDA BRASIL;1120,0;MUNICIPAL;PREFEITURA;PREFEITURA;PUBLICO;-21,14245;-47,787788;NAO DISPONIVEL;NAO DISPONIVEL;NAO DISPONIVEL;AUTOMOVEL;Vias Municipais;NAO DISPONIVEL;NAO DISPONIVEL;NAO DISPONIVEL;1;Até 30 dias
3023160;100919;10999;2018;2018/05/15;15;MAIO;2018;2018.05;TERÇA;14:00:00;TARDE;RIBEIRAO PRETO;Ribeirão Preto;RUA LAFAIETE;0,0;MUNICIPAL;PREFEITURA;PREFEITURA;PUBLICO;-21,18606;-47,801107;NAO DISPONIVEL;NAO DISPONIVEL;NAO DISPONIVEL;MOTOCICLETA;Vias Municipais;NAO DISPONIVEL;NAO DISPONIVEL;NAO DISPONIVEL;1;Até 30 dias
3024244;100919;11098;2018;2018/05/14;14;MAIO;2018;2018.05;SEGUNDA;21:13:00;NOITE;RIBEIRAO PRETO;Ribeirão Preto;AVENIDA ADELMO PERDIZA;NAO DISPONIVEL;MUNICIPAL;PREFEITURA;PREFEITURA;PUBLICO;NAO DISPONIVEL;NAO DISPONIVEL;NAO DISPONIVEL;NAO DISPONIVEL;NAO DISPONIVEL;AUTOMOVEL;Vias Municipais;NAO DISPONIVEL;NAO DISPONIVEL;NAO DISPONIVEL;1;Até 30 dias
3023151;100919;10761;2018;2018/05/12;12;MAIO;2018;2018.05;SÁBADO;10:14:00;MANHA;RIBEIRAO PRETO;Ribeirão Preto;RUA LAFAIETE;NAO DISPONIVEL;MUNICIPAL;PREFEITURA;PREFEITURA;PUBLICO;-21,178219;-47,811631;NAO DISPONIVEL;NAO DISPONIVEL;NAO DISPONIVEL;ONIBUS;Vias Municipais;NAO DISPONIVEL;NAO DISPONIVEL;NAO DISPONIVEL;1;Até 30 dias
3023150;100919;10797;2018;2018/05/12;12;MAIO;2018;2018.05;SÁBADO;21:20:00;NOITE;RIBEIRAO PRETO;Ribeirão Preto;SP 330;311,7;ESTADUAL;CONCESSIONÁRIA-ARTESP;VIAPAULISTA;PUBLICO;-21,16964428832141;-47,75645607483658;NAO DISPONIVEL;NAO DISPONIVEL;NAO DISPONIVEL;AUTOMOVEL;Rodovias;NAO DISPONIVEL;NAO DISPONIVEL;NAO DISPONIVEL;1;Até 30 dias
3023245;100919;10736;2018;2018/05/11;11;MAIO;2018;2018.05;SEXTA;22:32:00;NOITE;RIBEIRAO PRETO;Ribeirão Preto;AVENIDA JERONIMO GONCALVES;540,0;MUNICIPAL;PREFEITURA;PREFEITURA;PUBLICO;-21,173529;-47,81366;NAO DISPONIVEL;NAO DISPONIVEL;NAO DISPONIVEL;AUTOMOVEL;Vias Municipais;NAO DISPONIVEL;NAO DISPONIVEL;NAO DISPONIVEL;1;Até 30 dias
3023024;100919;10544;2018;2018/05/09;9;MAIO;2018;2018.05;QUARTA;12:59:00;TARDE;RIBEIRAO PRETO;Ribeirão Preto;RUA JOAO TONIOLI;3674,0;MUNICIPAL;PREFEITURA;PREFEITURA;PUBLICO;-21,130216;-47,738144;NAO DISPONIVEL;NAO DISPONIVEL;NAO DISPONIVEL;AUTOMOVEL;Vias Municipais;NAO DISPONIVEL;NAO DISPONIVEL;NAO DISPONIVEL;1;Até 30 dias
3023011;100919;10258;2018;2018/05/05;5;MAIO;2018;2018.05;SÁBADO;NAO DISPONIVEL;NAO DISPONIVEL;RIBEIRAO PRETO;Ribeirão Preto;AVENIDA EDUARDO ANDREIA MATARAZZO;NAO DISPONIVEL;MUNICIPAL;PREFEITURA;PREFEITURA;PUBLICO;-21,108684;-47,810601;NAO DISPONIVEL;NAO DISPONIVEL;NAO DISPONIVEL;NÃO HÁ;Vias Municipais;NAO DISPONIVEL;NAO DISPONIVEL;NAO DISPONIVEL;2;Até 30 dias
3023027;100919;10503;2018;2018/04/24;24;ABRIL;2018;2018.04;TERÇA;NAO DISPONIVEL;NAO DISPONIVEL;RIBEIRAO PRETO;Ribeirão Preto;NAO DISPONIVEL;NAO DISPONIVEL;NAO DISPONIVEL;NAO DISPONIVEL;NAO DISPONIVEL;PUBLICO;NAO DISPONIVEL;NAO DISPONIVEL;NAO DISPONIVEL;NAO DISPONIVEL;NAO DISPONIVEL;NAO DISPONIVEL;NAO DISPONIVEL;NAO DISPONIVEL;NAO DISPONIVEL;NAO DISPONIVEL;1;Até 30 dias
3022531;100919;9056;2018;2018/04/21;21;ABRIL;2018;2018.04;SÁBADO;07:14:00;MANHA;RIBEIRAO PRETO;Ribeirão Preto;SP 330;312,0;ESTADUAL;CONCESSIONÁRIA-ARTESP;VIAPAULISTA;PUBLICO;-21,166840870514147;-47,756315703163345;NAO DISPONIVEL;NAO DISPONIVEL;NAO DISPONIVEL;AUTOMOVEL;Rodovias;NAO DISPONIVEL;NAO DISPONIVEL;NAO DISPONIVEL;1;Até 30 dias
3022464;100921;534;2018;2018/04/17;17;ABRIL;2018;2018.04;TERÇA;18:15:00;NOITE;RIBEIRAO PRETO;Ribeirão Preto;RUA DOM PEDRO II;2040,0;MUNICIPAL;PREFEITURA;PREFEITURA;PRIVADO;-21,16471;-47,792687;NAO DISPONIVEL;NAO DISPONIVEL;NAO DISPONIVEL;AUTOMOVEL;Vias Municipais;NAO DISPONIVEL;NAO DISPONIVEL;NAO DISPONIVEL;1;Até 30 dias
3022465;100919;8881;2018;2018/04/17;17;ABRIL;2018;2018.04;TERÇA;10:06:00;MANHA;RIBEIRAO PRETO;Ribeirão Preto;RUA DUQUE DE CAXIAS;NAO DISPONIVEL;MUNICIPAL;PREFEITURA;PREFEITURA;PUBLICO;-21,175361;-47,807644;NAO DISPONIVEL;NAO DISPONIVEL;NAO DISPONIVEL;AUTOMOVEL;Vias Municipais;NAO DISPONIVEL;NAO DISPONIVEL;NAO DISPONIVEL;1;Até 30 dias
3016713;100919;8332;2018;2018/04/10;10;ABRIL;2018;2018.04;TERÇA;NAO DISPONIVEL;NAO DISPONIVEL;RIBEIRAO PRETO;Ribeirão Preto;AVENIDA BRASIL;NAO DISPONIVEL;MUNICIPAL;PREFEITURA;PREFEITURA;PUBLICO;NAO DISPONIVEL;NAO DISPONIVEL;NAO DISPONIVEL;NAO DISPONIVEL;NAO DISPONIVEL;NAO DISPONIVEL;Vias Municipais;NAO DISPONIVEL;NAO DISPONIVEL;NAO DISPONIVEL;1;Até 30 dias
3005065;100919;8086;2018;2018/04/09;9;ABRIL;2018;2018.04;SEGUNDA;19:13:00;NOITE;RIBEIRAO PRETO;Ribeirão Preto;SPA 325/322;8,1;ESTADUAL;CONCESSIONÁRIA-ARTESP;ENTREVIAS;PUBLICO;-21,178086;-47,825046;NAO DISPONIVEL;NAO DISPONIVEL;NAO DISPONIVEL;MOTOCICLETA;Rodovias;NAO DISPONIVEL;NAO DISPONIVEL;NAO DISPONIVEL;1;Até 30 dias
3009050;100919;7108;2018;2018/03/28;28;MARÇO;2018;2018.03;QUARTA;07:40:00;MANHA;RIBEIRAO PRETO;Ribeirão Preto;SP 330;302,6;ESTADUAL;CONCESSIONÁRIA-ARTESP;VIAPAULISTA;PUBLICO;-21,252948;-47,755134;NAO DISPONIVEL;NAO DISPONIVEL;NAO DISPONIVEL;AUTOMOVEL;Rodovias;NAO DISPONIVEL;NAO DISPONIVEL;NAO DISPONIVEL;1;Até 30 dias
3004824;100919;6662;2018;2018/03/22;22;MARÇO;2018;2018.03;QUINTA;09:11:00;MANHA;RIBEIRAO PRETO;Ribeirão Preto;RUA MONTE SANTO;203,0;MUNICIPAL;PREFEITURA;PREFEITURA;PUBLICO;-21,161634;-47,835325;NAO DISPONIVEL;NAO DISPONIVEL;NAO DISPONIVEL;CAMINHAO;Vias Municipais;NAO DISPONIVEL;NAO DISPONIVEL;NAO DISPONIVEL;1;Até 30 dias
3007176;100919;6467;2018;2018/03/20;20;MARÇO;2018;2018.03;TERÇA;19:15:00;NOITE;RIBEIRAO PRETO;Ribeirão Preto;SP 328;332,0;ESTADUAL;CONCESSIONÁRIA-ARTESP;ENTREVIAS;PUBLICO;-21,1206009401032;-47,8336991948118;NAO DISPONIVEL;NAO DISPONIVEL;NAO DISPONIVEL;NAO DISPONIVEL;Rodovias;NAO DISPONIVEL;NAO DISPONIVEL;NAO DISPONIVEL;1;Até 30 dias
3021861;100919;12646;2018;2018/03/10;10;MARÇO;2018;2018.03;SÁBADO;NAO DISPONIVEL;NAO DISPONIVEL;RIBEIRAO PRETO;Ribeirão Preto;SP 328;NAO DISPONIVEL;NAO DISPONIVEL;NAO DISPONIVEL;NAO DISPONIVEL;PUBLICO;NAO DISPONIVEL;NAO DISPONIVEL;NAO DISPONIVEL;NAO DISPONIVEL;NAO DISPONIVEL;AUTOMOVEL;Rodovias;NAO DISPONIVEL;NAO DISPONIVEL;NAO DISPONIVEL;1;Mais de 30 dias
3006623;100919;5759;2018;2018/03/09;9;MARÇO;2018;2018.03;SEXTA;NAO DISPONIVEL;NAO DISPONIVEL;RIBEIRAO PRETO;Ribeirão Preto;SP 330;314,5;ESTADUAL;CONCESSIONÁRIA-ARTESP;VIAPAULISTA;PUBLICO;-21,143933886355356;-47,759995637324714;NAO DISPONIVEL;NAO DISPONIVEL;NAO DISPONIVEL;NAO DISPONIVEL;Rodovias;NAO DISPONIVEL;NAO DISPONIVEL;NAO DISPONIVEL;1;Até 30 dias
3006874;100919;5369;2018;2018/03/07;7;MARÇO;2018;2018.03;QUARTA;13:00:00;TARDE;RIBEIRAO PRETO;Ribeirão Preto;AVENIDA SAUDADE;1385,0;MUNICIPAL;PREFEITURA;PREFEITURA;PUBLICO;-21,160892;-47,800391;NAO DISPONIVEL;NAO DISPONIVEL;NAO DISPONIVEL;MOTOCICLETA;Vias Municipais;NAO DISPONIVEL;NAO DISPONIVEL;NAO DISPONIVEL;1;Até 30 dias
3007155;100919;6533;2018;2018/03/05;5;MARÇO;2018;2018.03;SEGUNDA;06:15:00;MANHA;RIBEIRAO PRETO;Ribeirão Preto;NAO DISPONIVEL;NAO DISPONIVEL;NAO DISPONIVEL;NAO DISPONIVEL;NAO DISPONIVEL;NAO DISPONIVEL;NAO DISPONIVEL;NAO DISPONIVEL;NAO DISPONIVEL;NAO DISPONIVEL;NAO DISPONIVEL;AUTOMOVEL;NAO DISPONIVEL;NAO DISPONIVEL;NAO DISPONIVEL;NAO DISPONIVEL;1;Até 30 dias
3006716;100919;4511;2018;2018/02/24;24;FEVEREIRO;2018;2018.02;SÁBADO;19:00:00;NOITE;RIBEIRAO PRETO;Ribeirão Preto;RUA CARLOS AUGUSTO BRASAO;198,0;MUNICIPAL;PREFEITURA;PREFEITURA;PUBLICO;-21,167859;-47,788042;NAO DISPONIVEL;NAO DISPONIVEL;NAO DISPONIVEL;OUTROS;Vias Municipais;NAO DISPONIVEL;NAO DISPONIVEL;NAO DISPONIVEL;1;Até 30 dias
3006700;100919;4443;2018;2018/02/23;23;FEVEREIRO;2018;2018.02;SEXTA;23:58:00;NOITE;RIBEIRAO PRETO;Ribeirão Preto;AVENIDA DOUTOR FRANCISCO JUNQUEIRA;NAO DISPONIVEL;MUNICIPAL;PREFEITURA;PREFEITURA;PUBLICO;-21,191824;-47,797613;NAO DISPONIVEL;NAO DISPONIVEL;NAO DISPONIVEL;NÃO HÁ;Vias Municipais;NAO DISPONIVEL;NAO DISPONIVEL;NAO DISPONIVEL;1;Até 30 dias
3008262;100919;3936;2018;2018/02/17;17;FEVEREIRO;2018;2018.02;SÁBADO;18:07:00;NOITE;RIBEIRAO PRETO;Ribeirão Preto;SP 334;319,1;ESTADUAL;CONCESSIONÁRIA-ARTESP;VIAPAULISTA;PUBLICO;-21,108997793041333;-47,77266566813296;NAO DISPONIVEL;NAO DISPONIVEL;NAO DISPONIVEL;MOTOCICLETA;Rodovias;NAO DISPONIVEL;NAO DISPONIVEL;NAO DISPONIVEL;1;Até 30 dias
3006013;100921;155;2018;2018/02/03;3;FEVEREIRO;2018;2018.02;SÁBADO;06:18:00;MANHA;RIBEIRAO PRETO;Ribeirão Preto;AVENIDA PRESIDENTE CASTELO BRANCO;425,0;MUNICIPAL;PREFEITURA;PREFEITURA;PUBLICO;-21,190805;-47,779382;NAO DISPONIVEL;NAO DISPONIVEL;NAO DISPONIVEL;AUTOMOVEL;Vias Municipais;NAO DISPONIVEL;NAO DISPONIVEL;NAO DISPONIVEL;1;Até 30 dias
3008246;100919;2709;2018;2018/02/03;3;FEVEREIRO;2018;2018.02;SÁBADO;NAO DISPONIVEL;NAO DISPONIVEL;RIBEIRAO PRETO;Ribeirão Preto;SP 330;312,0;ESTADUAL;CONCESSIONÁRIA-ARTESP;VIAPAULISTA;PUBLICO;-21,166840870514147;-47,756315703163345;NAO DISPONIVEL;NAO DISPONIVEL;NAO DISPONIVEL;MOTOCICLETA;Rodovias;NAO DISPONIVEL;NAO DISPONIVEL;NAO DISPONIVEL;1;Até 30 dias
3008245;100919;2713;2018;2018/02/03;3;FEVEREIRO;2018;2018.02;SÁBADO;NAO DISPONIVEL;NAO DISPONIVEL;RIBEIRAO PRETO;Ribeirão Preto;SP 322;310,3;ESTADUAL;CONCESSIONÁRIA-ARTESP;ENTREVIAS;PUBLICO;-21,221793533682778;-47,77594997800654;NAO DISPONIVEL;NAO DISPONIVEL;NAO DISPONIVEL;NÃO HÁ;Rodovias;NAO DISPONIVEL;NAO DISPONIVEL;NAO DISPONIVEL;1;Até 30 dias
3006157;100919;3217;2018;2018/02/03;3;FEVEREIRO;2018;2018.02;SÁBADO;NAO DISPONIVEL;NAO DISPONIVEL;RIBEIRAO PRETO;Ribeirão Preto;NAO DISPONIVEL;NAO DISPONIVEL;NAO DISPONIVEL;NAO DISPONIVEL;NAO DISPONIVEL;PUBLICO;NAO DISPONIVEL;NAO DISPONIVEL;NAO DISPONIVEL;NAO DISPONIVEL;NAO DISPONIVEL;MOTOCICLETA;NAO DISPONIVEL;NAO DISPONIVEL;NAO DISPONIVEL;NAO DISPONIVEL;1;Até 30 dias
3008962;100919;3358;2018;2018/01/28;28;JANEIRO;2018;2018.01;DOMINGO;04:45:00;MADRUGADA;RIBEIRAO PRETO;Ribeirão Preto;AVENIDA MARECHAL COSTA E SILVA;NAO DISPONIVEL;MUNICIPAL;PREFEITURA;PREFEITURA;PUBLICO;-21,1329;-47,795216;NAO DISPONIVEL;NAO DISPONIVEL;NAO DISPONIVEL;NÃO HÁ;Vias Municipais;NAO DISPONIVEL;NAO DISPONIVEL;NAO DISPONIVEL;1;Até 30 dias
3008238;70207;448;2018;2018/01/20;20;JANEIRO;2018;2018.01;SÁBADO;NAO DISPONIVEL;NAO DISPONIVEL;RIBEIRAO PRETO;Ribeirão Preto;NAO DISPONIVEL;NAO DISPONIVEL;NAO DISPONIVEL;NAO DISPONIVEL;NAO DISPONIVEL;NAO DISPONIVEL;NAO DISPONIVEL;NAO DISPONIVEL;NAO DISPONIVEL;NAO DISPONIVEL;NAO DISPONIVEL;NAO DISPONIVEL;NAO DISPONIVEL;NAO DISPONIVEL;NAO DISPONIVEL;NAO DISPONIVEL;1;Até 30 dias
3021983;100919;15327;2018;2018/01/18;18;JANEIRO;2018;2018.01;QUINTA;13:00:00;TARDE;RIBEIRAO PRETO;Ribeirão Preto;RUA PARANA;300,0;MUNICIPAL;PREFEITURA;PREFEITURA;PUBLICO;-21,1620736185272;-47,8195681998727;NAO DISPONIVEL;NAO DISPONIVEL;NAO DISPONIVEL;NÃO HÁ;Vias Municipais;NAO DISPONIVEL;NAO DISPONIVEL;NAO DISPONIVEL;1;Mais de 30 dias
3006074;100919;1311;2018;2018/01/17;17;JANEIRO;2018;2018.01;QUARTA;01:39:00;MADRUGADA;RIBEIRAO PRETO;Ribeirão Preto;SP 255;9,2;ESTADUAL;CONCESSIONÁRIA-ARTESP;VIAPAULISTA;PUBLICO;-21,2714425875047;-47,7981748761214;NAO DISPONIVEL;NAO DISPONIVEL;NAO DISPONIVEL;NAO DISPONIVEL;Rodovias;NAO DISPONIVEL;NAO DISPONIVEL;NAO DISPONIVEL;1;Até 30 dias
3005834;100919;458;2018;2018/01/06;6;JANEIRO;2018;2018.01;SÁBADO;04:58:00;MADRUGADA;RIBEIRAO PRETO;Ribeirão Preto;AVENIDA PARANAPANEMA;423,0;MUNICIPAL;PREFEITURA;PREFEITURA;PUBLICO;-21,163488;-47,82977;NAO DISPONIVEL;NAO DISPONIVEL;NAO DISPONIVEL;NAO DISPONIVEL;Vias Municipais;NAO DISPONIVEL;NAO DISPONIVEL;NAO DISPONIVEL;1;Até 30 dias
3008480;100919;439;2018;2018/01/05;5;JANEIRO;2018;2018.01;SEXTA;18:04:00;NOITE;RIBEIRAO PRETO;Ribeirão Preto;AVENIDA MAGID SIMAO TRADEM;1100,0;MUNICIPAL;PREFEITURA;PREFEITURA;PUBLICO;-21,11007883;-47,7982609119999;NAO DISPONIVEL;NAO DISPONIVEL;NAO DISPONIVEL;MOTOCICLETA;Vias Municipais;NAO DISPONIVEL;NAO DISPONIVEL;NAO DISPONIVEL;1;Até 30 dias
3027184;100919;20945;2018;2018/09/23;23;SETEMBRO;2018;2018.09;DOMINGO;21:45:00;NOITE;RIBEIRAO PRETO;Ribeirão Preto;SP 330;314,1;ESTADUAL;CONCESSIONÁRIA-ARTESP;VIAPAULISTA;PUBLICO;-21,147455804417174;-47,75873344954897;NAO DISPONIVEL;NAO DISPONIVEL;NAO DISPONIVEL;NAO DISPONIVEL;Rodovias;NAO DISPONIVEL;NAO DISPONIVEL;NAO DISPONIVEL;1;Até 30 dias
3027281;100919;19804;2018;2018/09/07;7;SETEMBRO;2018;2018.09;SEXTA;21:40:00;NOITE;RIBEIRAO PRETO;Ribeirão Preto;SP 330;316,1;ESTADUAL;CONCESSIONÁRIA-ARTESP;VIAPAULISTA;PUBLICO;-21,130906786228913;-47,767279304038674;NAO DISPONIVEL;NAO DISPONIVEL;NAO DISPONIVEL;MOTOCICLETA;Rodovias;NAO DISPONIVEL;NAO DISPONIVEL;NAO DISPONIVEL;1;Até 30 dias
3027003;100919;19993;2018;2018/09/07;7;SETEMBRO;2018;2018.09;SEXTA;21:30:00;NOITE;RIBEIRAO PRETO;Ribeirão Preto;SP 330;316,0;ESTADUAL;CONCESSIONÁRIA-ARTESP;VIAPAULISTA;PUBLICO;-21,131667074488274;-47,76673396857362;NAO DISPONIVEL;NAO DISPONIVEL;NAO DISPONIVEL;BICICLETA;Rodovias;NAO DISPONIVEL;NAO DISPONIVEL;NAO DISPONIVEL;1;Até 30 dias
3024625;100919;19044;2018;2018/08/24;24;AGOSTO;2018;2018.08;SEXTA;08:35:00;MANHA;RIBEIRAO PRETO;Ribeirão Preto;SP 330;310,7;ESTADUAL;CONCESSIONÁRIA-ARTESP;VIAPAULISTA;PUBLICO;-21,178987244989347;-47,75694807411256;NAO DISPONIVEL;NAO DISPONIVEL;NAO DISPONIVEL;NÃO HÁ;Rodovias;NAO DISPONIVEL;NAO DISPONIVEL;NAO DISPONIVEL;1;Até 30 dias
3022187;100919;18422;2018;2018/08/21;21;AGOSTO;2018;2018.08;TERÇA;NAO DISPONIVEL;NAO DISPONIVEL;RIBEIRAO PRETO;Ribeirão Preto;SP 255;14,0;ESTADUAL;CONCESSIONÁRIA-ARTESP;VIAPAULISTA;PUBLICO;-21,312730098;-47,822978706;NAO DISPONIVEL;NAO DISPONIVEL;NAO DISPONIVEL;CAMINHAO;Rodovias;NAO DISPONIVEL;NAO DISPONIVEL;NAO DISPONIVEL;2;Até 30 dias
3024563;100919;18259;2018;2018/08/19;19;AGOSTO;2018;2018.08;DOMINGO;07:39:00;MANHA;RIBEIRAO PRETO;Ribeirão Preto;SP 330;324,3;ESTADUAL;CONCESSIONÁRIA-ARTESP;ENTREVIAS;PUBLICO;-21,070793255478133;-47,81135390300352;NAO DISPONIVEL;NAO DISPONIVEL;NAO DISPONIVEL;AUTOMOVEL;Rodovias;NAO DISPONIVEL;NAO DISPONIVEL;NAO DISPONIVEL;1;Até 30 dias
3024565;100919;18298;2018;2018/08/19;19;AGOSTO;2018;2018.08;DOMINGO;18:25:00;NOITE;RIBEIRAO PRETO;Ribeirão Preto;SP 330;304,5;ESTADUAL;CONCESSIONÁRIA-ARTESP;VIAPAULISTA;PUBLICO;-21,236297853911626;-47,75917383313793;NAO DISPONIVEL;NAO DISPONIVEL;NAO DISPONIVEL;NÃO HÁ;Rodovias;NAO DISPONIVEL;NAO DISPONIVEL;NAO DISPONIVEL;1;Até 30 dias
3025069;100919;13871;2018;2018/06/23;23;JUNHO;2018;2018.06;SÁBADO;NAO DISPONIVEL;NAO DISPONIVEL;RIBEIRAO PRETO;Ribeirão Preto;SP 328;337,0;ESTADUAL;CONCESSIONÁRIA-ARTESP;ENTREVIAS;PUBLICO;-21,147415;-47,880257;NAO DISPONIVEL;NAO DISPONIVEL;NAO DISPONIVEL;NAO DISPONIVEL;Rodovias;NAO DISPONIVEL;NAO DISPONIVEL;NAO DISPONIVEL;1;Até 30 dias
3022274;100919;13508;2018;2018/06/18;18;JUNHO;2018;2018.06;SEGUNDA;NAO DISPONIVEL;NAO DISPONIVEL;RIBEIRAO PRETO;Ribeirão Preto;SP 255;4,77;ESTADUAL;CONCESSIONÁRIA-ARTESP;VIAPAULISTA;PUBLICO;-21,238203;-47,783371;NAO DISPONIVEL;NAO DISPONIVEL;NAO DISPONIVEL;CAMINHAO;Rodovias;NAO DISPONIVEL;NAO DISPONIVEL;NAO DISPONIVEL;1;Até 30 dias
3025051;100919;13502;2018;2018/06/17;17;JUNHO;2018;2018.06;DOMINGO;19:30:00;NOITE;RIBEIRAO PRETO;Ribeirão Preto;SP 330;317,0;ESTADUAL;CONCESSIONÁRIA-ARTESP;VIAPAULISTA;PUBLICO;-21,124016;-47,772256;NAO DISPONIVEL;NAO DISPONIVEL;NAO DISPONIVEL;AUTOMOVEL;Rodovias;NAO DISPONIVEL;NAO DISPONIVEL;NAO DISPONIVEL;1;Até 30 dias
3023150;100919;10797;2018;2018/05/12;12;MAIO;2018;2018.05;SÁBADO;21:20:00;NOITE;RIBEIRAO PRETO;Ribeirão Preto;SP 330;311,7;ESTADUAL;CONCESSIONÁRIA-ARTESP;VIAPAULISTA;PUBLICO;-21,16964428832141;-47,75645607483658;NAO DISPONIVEL;NAO DISPONIVEL;NAO DISPONIVEL;AUTOMOVEL;Rodovias;NAO DISPONIVEL;NAO DISPONIVEL;NAO DISPONIVEL;1;Até 30 dias
3022531;100919;9056;2018;2018/04/21;21;ABRIL;2018;2018.04;SÁBADO;07:14:00;MANHA;RIBEIRAO PRETO;Ribeirão Preto;SP 330;312,0;ESTADUAL;CONCESSIONÁRIA-ARTESP;VIAPAULISTA;PUBLICO;-21,166840870514147;-47,756315703163345;NAO DISPONIVEL;NAO DISPONIVEL;NAO DISPONIVEL;AUTOMOVEL;Rodovias;NAO DISPONIVEL;NAO DISPONIVEL;NAO DISPONIVEL;1;Até 30 dias
3005065;100919;8086;2018;2018/04/09;9;ABRIL;2018;2018.04;SEGUNDA;19:13:00;NOITE;RIBEIRAO PRETO;Ribeirão Preto;SPA 325/322;8,1;ESTADUAL;CONCESSIONÁRIA-ARTESP;ENTREVIAS;PUBLICO;-21,178086;-47,825046;NAO DISPONIVEL;NAO DISPONIVEL;NAO DISPONIVEL;MOTOCICLETA;Rodovias;NAO DISPONIVEL;NAO DISPONIVEL;NAO DISPONIVEL;1;Até 30 dias
3009050;100919;7108;2018;2018/03/28;28;MARÇO;2018;2018.03;QUARTA;07:40:00;MANHA;RIBEIRAO PRETO;Ribeirão Preto;SP 330;302,6;ESTADUAL;CONCESSIONÁRIA-ARTESP;VIAPAULISTA;PUBLICO;-21,252948;-47,755134;NAO DISPONIVEL;NAO DISPONIVEL;NAO DISPONIVEL;AUTOMOVEL;Rodovias;NAO DISPONIVEL;NAO DISPONIVEL;NAO DISPONIVEL;1;Até 30 dias
3007176;100919;6467;2018;2018/03/20;20;MARÇO;2018;2018.03;TERÇA;19:15:00;NOITE;RIBEIRAO PRETO;Ribeirão Preto;SP 328;332,0;ESTADUAL;CONCESSIONÁRIA-ARTESP;ENTREVIAS;PUBLICO;-21,1206009401032;-47,8336991948118;NAO DISPONIVEL;NAO DISPONIVEL;NAO DISPONIVEL;NAO DISPONIVEL;Rodovias;NAO DISPONIVEL;NAO DISPONIVEL;NAO DISPONIVEL;1;Até 30 dias