ID;Id Delegacia (RDO);Número BO (RDO);Ano BO (RDO);Data do Acidente;Dia do Acidente;Mês do Acidente;Ano do Acidente;Ano/Mês do Acidente;Dia da semana;Hora do Acidente;Turno;Município;Região Administrativa;Logradouro;Numeral / KM;Jurisdição;Administração;Conservação;Tipo do Local do Acidente;Lat (GEO);Long (GEO);Iluminação da via (SIOPM);Superfície da Via (SIOPM);Tipo de pista (SIOPM);Outro Veículo Envolvido;Tipo de via;Condições Climáticas (SIOPM);Sentido da Via (SIOPM);Limite da velocidade da via (SIOPM);Quantidade de vítimas;Tempo entre o Acidente e as Mortes
3021861;100919;12646;2018;2018/03/10;10;MARÇO;2018;2018.03;SÁBADO;NAO DISPONIVEL;NAO DISPONIVEL;RIBEIRAO PRETO;Ribeirão Preto;SP 328;NAO DISPONIVEL;NAO DISPONIVEL;NAO DISPONIVEL;NAO DISPONIVEL;PUBLICO;NAO DISPONIVEL;NAO DISPONIVEL;NAO DISPONIVEL;NAO DISPONIVEL;NAO DISPONIVEL;AUTOMOVEL;Rodovias;NAO DISPONIVEL;NAO DISPONIVEL;NAO DISPONIVEL;1;Mais de 30 dias
3006623;100919;5759;2018;2018/03/09;9;MARÇO;2018;2018.03;SEXTA;NAO DISPONIVEL;NAO DISPONIVEL;RIBEIRAO PRETO;Ribeirão Preto;SP 330;314,5;ESTADUAL;CONCESSIONÁRIA-ARTESP;VIAPAULISTA;PUBLICO;-21,143933886355356;-47,759995637324714;NAO DISPONIVEL;NAO DISPONIVEL;NAO DISPONIVEL;NAO DISPONIVEL;Rodovias;NAO DISPONIVEL;NAO DISPONIVEL;NAO DISPONIVEL;1;Até 30 dias
3008262;100919;3936;2018;2018/02/17;17;FEVEREIRO;2018;2018.02;SÁBADO;18:07:00;NOITE;RIBEIRAO PRETO;Ribeirão Preto;SP 334;319,1;ESTADUAL;CONCESSIONÁRIA-ARTESP;VIAPAULISTA;PUBLICO;-21,108997793041333;-47,77266566813296;NAO DISPONIVEL;NAO DISPONIVEL;NAO DISPONIVEL;MOTOCICLETA;Rodovias;NAO DISPONIVEL;NAO DISPONIVEL;NAO DISPONIVEL;1;Até 30 dias
3008246;100919;2709;2018;2018/02/03;3;FEVEREIRO;2018;2018.02;SÁBADO;NAO DISPONIVEL;NAO DISPONIVEL;RIBEIRAO PRETO;Ribeirão Preto;SP 330;312,0;ESTADUAL;CONCESSIONÁRIA-ARTESP;VIAPAULISTA;PUBLICO;-21,166840870514147;-47,756315703163345;NAO DISPONIVEL;NAO DISPONIVEL;NAO DISPONIVEL;MOTOCICLETA;Rodovias;NAO DISPONIVEL;NAO DISPONIVEL;NAO DISPONIVEL;1;Até 30 dias
3008245;100919;2713;2018;2018/02/03;3;FEVEREIRO;2018;2018.02;SÁBADO;NAO DISPONIVEL;NAO DISPONIVEL;RIBEIRAO PRETO;Ribeirão Preto;SP 322;310,3;ESTADUAL;CONCESSIONÁRIA-ARTESP;ENTREVIAS;PUBLICO;-21,221793533682778;-47,77594997800654;NAO DISPONIVEL;NAO DISPONIVEL;NAO DISPONIVEL;NÃO HÁ;Rodovias;NAO DISPONIVEL;NAO DISPONIVEL;NAO DISPONIVEL;1;Até 30 dias
3006074;100919;1311;2018;2018/01/17;17;JANEIRO;2018;2018.01;QUARTA;01:39:00;MADRUGADA;RIBEIRAO PRETO;Ribeirão Preto;SP 255;9,2;ESTADUAL;CONCESSIONÁRIA-ARTESP;VIAPAULISTA;PUBLICO;-21,2714425875047;-47,7981748761214;NAO DISPONIVEL;NAO DISPONIVEL;NAO DISPONIVEL;NAO DISPONIVEL;Rodovias;NAO DISPONIVEL;NAO DISPONIVEL;NAO DISPONIVEL;1;Até 30 dias
3067843;100919;28107;2019;2019/12/25;25;DEZEMBRO;2019;2019.12;QUARTA;03:30:00;MADRUGADA;RIBEIRAO PRETO;Ribeirão Preto;RUA VILA NOVA;100,0;MUNICIPAL;PREFEITURA;PREFEITURA;PUBLICO;-21,146354;-47,825188;NAO DISPONIVEL;NAO DISPONIVEL;NAO DISPONIVEL;MOTOCICLETA;Vias Municipais;NAO DISPONIVEL;NAO DISPONIVEL;NAO DISPONIVEL;1;Até 30 dias
3067726;100919;27619;2019;2019/12/21;21;DEZEMBRO;2019;2019.12;SÁBADO;01:57:00;MADRUGADA;RIBEIRAO PRETO;Ribeirão Preto;AVENIDA DOM PEDRO I;1450,0;MUNICIPAL;PREFEITURA;PREFEITURA;PUBLICO;-21,151869;-47,824607;NOITE (VIA ILUMINADA);MOLHADA;DUPLA;MOTOCICLETA;Vias Municipais;CHUVA;OESTE;Entre 40 e 49km/h;2;Até 30 dias
3067492;100919;26520;2019;2019/12/06;6;DEZEMBRO;2019;2019.12;SEXTA;15:00:00;TARDE;RIBEIRAO PRETO;Ribeirão Preto;RUA SAO PAULO;1864,0;MUNICIPAL;PREFEITURA;PREFEITURA;PUBLICO;-21,158122;-47,796513;NAO DISPONIVEL;NAO DISPONIVEL;NAO DISPONIVEL;MOTOCICLETA;Vias Municipais;NAO DISPONIVEL;NAO DISPONIVEL;NAO DISPONIVEL;1;Até 30 dias
3067426;100919;26081;2019;2019/12/01;1;DEZEMBRO;2019;2019.12;DOMINGO;05:20:00;MADRUGADA;RIBEIRAO PRETO;Ribeirão Preto;SP 330;306,2;ESTADUAL;CONCESSIONÁRIA-ARTESP;VIAPAULISTA;PUBLICO;-21,220115744663225;-47,75911291765447;ENTARDECER/AMANHECER;MOLHADA;DUPLA;CAMINHAO;Rodovias;CHUVA;NORTE;Entre 90 e 100km/h;1;Até 30 dias
3067298;100919;25271;2019;2019/11/06;6;NOVEMBRO;2019;2019.11;QUARTA;23:52:00;NOITE;RIBEIRAO PRETO;Ribeirão Preto;AVENIDA CARAMURU;NAO DISPONIVEL;MUNICIPAL;PREFEITURA;PREFEITURA;PUBLICO;NAO DISPONIVEL;NAO DISPONIVEL;NOITE (VIA ILUMINADA);SECA;DUPLA;NÃO HÁ;Vias Municipais;BOM;SUL;Entre 30 e 39km/h;1;Até 30 dias
3067016;100919;23844;2019;2019/11/01;1;NOVEMBRO;2019;2019.11;SEXTA;17:44:00;TARDE;RIBEIRAO PRETO;Ribeirão Preto;SP 328;335,8;ESTADUAL;CONCESSIONÁRIA-ARTESP;ENTREVIAS;PUBLICO;-21,102170377461324;-47,80222966752772;ENTARDECER/AMANHECER;MOLHADA;DUPLA;AUTOMOVEL;Rodovias;BOM;NORTE;Entre 90 e 100km/h;1;Até 30 dias
3067018;100919;23851;2019;2019/11/01;1;NOVEMBRO;2019;2019.11;SEXTA;17:15:00;TARDE;RIBEIRAO PRETO;Ribeirão Preto;SP 330;312,8;ESTADUAL;CONCESSIONÁRIA-ARTESP;VIAPAULISTA;PUBLICO;-21,159363180096374;-47,756382187272536;LUZ SOLAR;MOLHADA;DUPLA;CAMINHAO;Rodovias;CHUVA;SUL;Entre 90 e 100km/h;1;Até 30 dias
3066961;100919;23492;2019;2019/10/28;28;OUTUBRO;2019;2019.10;SEGUNDA;09:23:00;MANHA;RIBEIRAO PRETO;Ribeirão Preto;RUA DUQUE DE CAXIAS;179,0;MUNICIPAL;PREFEITURA;PREFEITURA;PUBLICO;-21,172454;-47,811506;LUZ SOLAR;SECA;SIMPLES;MOTOCICLETA;Vias Municipais;BOM;LESTE;Entre 40 e 49km/h;1;Até 30 dias
3068896;100919;23538;2019;2019/10/28;28;OUTUBRO;2019;2019.10;SEGUNDA;18:09:00;NOITE;RIBEIRAO PRETO;Ribeirão Preto;AVENIDA DA SAUDADE;1775,0;MUNICIPAL;PREFEITURA;PREFEITURA;PUBLICO;-21,158196;-47,798024;LUZ SOLAR;SECA;DUPLA;MOTOCICLETA;Vias Municipais;BOM;EXTERNO;Entre 60 e 69km/h;1;Mais de 30 dias
3066936;100919;23411;2019;2019/10/26;26;OUTUBRO;2019;2019.10;SÁBADO;20:48:00;NOITE;RIBEIRAO PRETO;Ribeirão Preto;SP 328;337,1;ESTADUAL;DER;DR08 - Ribeirão Preto;PUBLICO;-21,092205744280744;-47,79413689661613;NOITE (VIA NÃO ILUMINADA);SECA;SIMPLES;NÃO HÁ;Rodovias;BOM;NORTE;Mais que 100km/h;1;Até 30 dias
3066715;100919;22298;2019;2019/10/13;13;OUTUBRO;2019;2019.10;DOMINGO;11:36:00;MANHA;RIBEIRAO PRETO;Ribeirão Preto;RUA HACIBE SAAD SALIM;10,0;MUNICIPAL;PREFEITURA;PREFEITURA;PUBLICO;-21,192741;-47,847032;LUZ SOLAR;SECA;SIMPLES;NÃO HÁ;Vias Municipais;BOM;INTERNO;Entre 40 e 49km/h;1;Até 30 dias
3066687;100919;22248;2019;2019/10/12;12;OUTUBRO;2019;2019.10;SÁBADO;19:50:00;NOITE;RIBEIRAO PRETO;Ribeirão Preto;SP 330;302,6;ESTADUAL;CONCESSIONÁRIA-ARTESP;VIAPAULISTA;PUBLICO;-21,252981873139102;-47,75532033953468;NOITE (VIA NÃO ILUMINADA);SECA;DUPLA;AUTOMOVEL;Rodovias;BOM;NORTE;Entre 90 e 100km/h;1;Até 30 dias
3066612;100919;21715;2019;2019/10/06;6;OUTUBRO;2019;2019.10;DOMINGO;16:30:00;TARDE;RIBEIRAO PRETO;Ribeirão Preto;AVENIDA CARAMURU;350,0;MUNICIPAL;PREFEITURA;PREFEITURA;PUBLICO;-21,181424;-47,818448;NAO DISPONIVEL;NAO DISPONIVEL;NAO DISPONIVEL;NÃO HÁ;Vias Municipais;NAO DISPONIVEL;NAO DISPONIVEL;NAO DISPONIVEL;1;Até 30 dias
3066640;100919;22139;2019;2019/10/05;5;OUTUBRO;2019;2019.10;SÁBADO;16:00:00;TARDE;RIBEIRAO PRETO;Ribeirão Preto;RUA BERNARDINO DE CAMPOS;1000,0;MUNICIPAL;PREFEITURA;PREFEITURA;PUBLICO;-21,18549;-47,808226;NAO DISPONIVEL;NAO DISPONIVEL;NAO DISPONIVEL;NÃO HÁ;Vias Municipais;NAO DISPONIVEL;NAO DISPONIVEL;NAO DISPONIVEL;1;Até 30 dias
3066453;100919;20908;2019;2019/09/23;23;SETEMBRO;2019;2019.09;SEGUNDA;NAO DISPONIVEL;NAO DISPONIVEL;RIBEIRAO PRETO;Ribeirão Preto;AVENIDA PATRIARCA;3200,0;MUNICIPAL;PREFEITURA;PREFEITURA;PUBLICO;-21,191457;-47,845195;NAO DISPONIVEL;NAO DISPONIVEL;NAO DISPONIVEL;NÃO HÁ;Vias Municipais;NAO DISPONIVEL;NAO DISPONIVEL;NAO DISPONIVEL;1;Até 30 dias
3066434;100919;20657;2019;2019/09/22;22;SETEMBRO;2019;2019.09;DOMINGO;18:30:00;NOITE;RIBEIRAO PRETO;Ribeirão Preto;SP 330;318,0;ESTADUAL;CONCESSIONÁRIA-ARTESP;VIAPAULISTA;PUBLICO;-21,11647453907959;-47,777659123490196;NOITE (VIA NÃO ILUMINADA);SECA;DUPLA;AUTOMOVEL;Rodovias;BOM;SUL;Entre 90 e 100km/h;1;Até 30 dias
3066395;100919;20365;2019;2019/09/19;19;SETEMBRO;2019;2019.09;QUINTA;00:10:00;MADRUGADA;RIBEIRAO PRETO;Ribeirão Preto;SP 328;334,2;ESTADUAL;CONCESSIONÁRIA-ARTESP;ENTREVIAS;PUBLICO;-21,11011949686853;-47,81583115253572;NOITE (VIA NÃO ILUMINADA);SECA;DUPLA;CAMINHAO;Rodovias;BOM;SUL;Entre 90 e 100km/h;1;Até 30 dias
3066369;100919;20198;2019;2019/09/16;16;SETEMBRO;2019;2019.09;SEGUNDA;22:36:00;NOITE;RIBEIRAO PRETO;Ribeirão Preto;AVENIDA DOUTOR OSCAR DE MOURA LACERDA;1520,0;MUNICIPAL;PREFEITURA;PREFEITURA;PUBLICO;-21,160211;-47,769085;NOITE (VIA ILUMINADA);SECA;SIMPLES;MOTOCICLETA;Vias Municipais;BOM;EXTERNO;Entre 40 e 49km/h;1;Até 30 dias
3066664;100919;20048;2019;2019/09/14;14;SETEMBRO;2019;2019.09;SÁBADO;18:15:00;NOITE;RIBEIRAO PRETO;Ribeirão Preto;AVENIDA MANOEL ANTONIO DIAS;1472,0;MUNICIPAL;PREFEITURA;PREFEITURA;PUBLICO;-21,204485;-47,847814;NOITE (VIA NÃO ILUMINADA);SECA;DUPLA;MOTOCICLETA;Vias Municipais;BOM;NORTE;Entre 40 e 49km/h;1;Mais de 30 dias
3066584;100919;21582;2019;2019/09/14;14;SETEMBRO;2019;2019.09;SÁBADO;19:50:00;NOITE;RIBEIRAO PRETO;Ribeirão Preto;AVENIDA MANOEL ANTONIO DIAS;1507,0;MUNICIPAL;PREFEITURA;PREFEITURA;PUBLICO;-21,204436;-47,848098;NOITE (VIA NÃO ILUMINADA);SECA;DUPLA;NAO DISPONIVEL;Vias Municipais;BOM;NORTE;Entre 40 e 49km/h;1;Até 30 dias
3066203;100919;19452;2019;2019/09/07;7;SETEMBRO;2019;2019.09;SÁBADO;06:00:00;MANHA;RIBEIRAO PRETO;Ribeirão Preto;SP 328;337,5;ESTADUAL;DER;DR08 - Ribeirão Preto;PUBLICO;-21,088796323379146;-47,79278670081761;NOITE (VIA NÃO ILUMINADA);OUTRAS;SIMPLES;NÃO HÁ;Rodovias;BOM;NORTE;Entre 90 e 100km/h;2;Até 30 dias
3066117;100919;18907;2019;2019/08/31;31;AGOSTO;2019;2019.08;SÁBADO;02:00:00;MADRUGADA;RIBEIRAO PRETO;Ribeirão Preto;SP 330;309,0;ESTADUAL;CONCESSIONÁRIA-ARTESP;VIAPAULISTA;PUBLICO;-21,194870841703178;-47,757784704192844;NAO DISPONIVEL;NAO DISPONIVEL;NAO DISPONIVEL;CAMINHAO;Rodovias;NAO DISPONIVEL;NAO DISPONIVEL;NAO DISPONIVEL;1;Até 30 dias
3065926;100919;17959;2019;2019/08/18;18;AGOSTO;2019;2019.08;DOMINGO;22:17:00;NOITE;RIBEIRAO PRETO;Ribeirão Preto;AVENIDA HERACLITO FONTOURA S PINTO;551,0;MUNICIPAL;PREFEITURA;PREFEITURA;PUBLICO;-21,224994;-47,785303;NOITE (VIA ILUMINADA);SECA;DUPLA;NÃO HÁ;Vias Municipais;BOM;SUL;Entre 60 e 69km/h;1;Até 30 dias
3065881;100919;17827;2019;2019/08/16;16;AGOSTO;2019;2019.08;SEXTA;19:00:00;NOITE;RIBEIRAO PRETO;Ribeirão Preto;SPA 325/322;6,5;ESTADUAL;CONCESSIONÁRIA-ARTESP;ENTREVIAS;PUBLICO;-21,176152;-47,8525091;NOITE (VIA ILUMINADA);SECA;DUPLA;ONIBUS;Rodovias;BOM;LESTE;Entre 90 e 100km/h;1;Até 30 dias
3065801;100919;17347;2019;2019/08/10;10;AGOSTO;2019;2019.08;SÁBADO;18:00:00;NOITE;RIBEIRAO PRETO;Ribeirão Preto;SP 330;313,8;ESTADUAL;CONCESSIONÁRIA-ARTESP;VIAPAULISTA;PUBLICO;-21,150152403351772;-47,757954604624516;ENTARDECER/AMANHECER;SECA;DUPLA;NÃO HÁ;Rodovias;BOM;NORTE;Entre 90 e 100km/h;1;Até 30 dias
3065770;100919;17276;2019;2019/08/09;9;AGOSTO;2019;2019.08;SEXTA;18:20:00;NOITE;RIBEIRAO PRETO;Ribeirão Preto;SP 334;318,0;ESTADUAL;CONCESSIONÁRIA-ARTESP;VIAPAULISTA;PUBLICO;-21,112681;-47,7803968;NOITE (VIA NÃO ILUMINADA);SECA;DUPLA;AUTOMOVEL;Rodovias;BOM;NORTE;Entre 80 e 89km/h;1;Até 30 dias
3065771;100919;17295;2019;2019/08/09;9;AGOSTO;2019;2019.08;SEXTA;21:01:00;NOITE;RIBEIRAO PRETO;Ribeirão Preto;RUA LUIS CARVALHO PEREIRA;550,0;MUNICIPAL;PREFEITURA;PREFEITURA;PUBLICO;-21,111752;-47,799853;NAO DISPONIVEL;NAO DISPONIVEL;NAO DISPONIVEL;AUTOMOVEL;Vias Municipais;NAO DISPONIVEL;NAO DISPONIVEL;NAO DISPONIVEL;1;Até 30 dias
3065737;100919;17079;2019;2019/08/06;6;AGOSTO;2019;2019.08;TERÇA;23:20:00;NOITE;RIBEIRAO PRETO;Ribeirão Preto;SP 328;311,2;ESTADUAL;CONCESSIONÁRIA-ARTESP;VIAPAULISTA;PUBLICO;-21,23018348104871;-47,81785053657083;NOITE (VIA NÃO ILUMINADA);SECA;DUPLA;AUTOMOVEL;Rodovias;BOM;NORTE;Entre 90 e 100km/h;1;Até 30 dias
3065453;100919;15744;2019;2019/07/19;19;JULHO;2019;2019.07;SEXTA;19:10:00;NOITE;RIBEIRAO PRETO;Ribeirão Preto;SP 330;310,8;ESTADUAL;CONCESSIONÁRIA-ARTESP;VIAPAULISTA;PUBLICO;-21,178052588738336;-47,756905060751;LUZ SOLAR;SECA;DUPLA;CAMINHAO;Rodovias;BOM;NORTE;Entre 60 e 69km/h;1;Até 30 dias
3065288;100919;14823;2019;2019/07/06;6;JULHO;2019;2019.07;SÁBADO;13:30:00;TARDE;RIBEIRAO PRETO;Ribeirão Preto;AVENIDA JOAO FIUSA;1225,0;MUNICIPAL;PREFEITURA;PREFEITURA;PUBLICO;-21,201646;-47,812932;LUZ SOLAR;SECA;SIMPLES;AUTOMOVEL;Vias Municipais;BOM;LESTE;Entre 60 e 69km/h;1;Até 30 dias
3065336;100919;15012;2019;2019/06/27;27;JUNHO;2019;2019.06;QUINTA;18:00:00;NOITE;RIBEIRAO PRETO;Ribeirão Preto;SP 328;332,9;ESTADUAL;CONCESSIONÁRIA-ARTESP;ENTREVIAS;PUBLICO;-21,116320109644526;-47,82642035287761;LUZ SOLAR;SECA;DUPLA;AUTOMOVEL;Rodovias;BOM;EXTERNO;Entre 90 e 100km/h;1;Até 30 dias
3065148;100919;14078;2019;2019/06/26;26;JUNHO;2019;2019.06;QUARTA;18:10:00;NOITE;RIBEIRAO PRETO;Ribeirão Preto;SP 328;337,0;ESTADUAL;CONCESSIONÁRIA-ARTESP;ENTREVIAS;PUBLICO;-21,093024542413882;-47,7945952907434;NOITE (VIA NÃO ILUMINADA);SECA;SIMPLES;AUTOMOVEL;Rodovias;BOM;NORTE;Entre 90 e 100km/h;1;Até 30 dias
3065084;100919;13696;2019;2019/06/22;22;JUNHO;2019;2019.06;SÁBADO;00:16:00;MADRUGADA;RIBEIRAO PRETO;Ribeirão Preto;RUA ACRE;1400,0;MUNICIPAL;PREFEITURA;PREFEITURA;PUBLICO;-21,149947;-47,823081;NAO DISPONIVEL;NAO DISPONIVEL;NAO DISPONIVEL;MOTOCICLETA;Vias Municipais;NAO DISPONIVEL;NAO DISPONIVEL;NAO DISPONIVEL;1;Até 30 dias
3065096;100919;13702;2019;2019/06/22;22;JUNHO;2019;2019.06;SÁBADO;05:55:00;MADRUGADA;RIBEIRAO PRETO;Ribeirão Preto;RUA FERNAO SALES;NAO DISPONIVEL;MUNICIPAL;PREFEITURA;PREFEITURA;PUBLICO;-21,157444;-47,797354;NAO DISPONIVEL;NAO DISPONIVEL;NAO DISPONIVEL;AUTOMOVEL;Vias Municipais;NAO DISPONIVEL;NAO DISPONIVEL;NAO DISPONIVEL;1;Até 30 dias
3065029;100919;13332;2019;2019/06/17;17;JUNHO;2019;2019.06;SEGUNDA;06:45:00;MANHA;RIBEIRAO PRETO;Ribeirão Preto;RUA CERQUEIRA CESAR;832,0;MUNICIPAL;PREFEITURA;PREFEITURA;PUBLICO;-21,180334;-47,809427;LUZ SOLAR;SECA;DUPLA;ONIBUS;Vias Municipais;BOM;INTERNO;Entre 40 e 49km/h;1;Até 30 dias
3065010;100919;13244;2019;2019/06/16;16;JUNHO;2019;2019.06;DOMINGO;00:40:00;MADRUGADA;RIBEIRAO PRETO;Ribeirão Preto;SP 328;335,0;ESTADUAL;CONCESSIONÁRIA-ARTESP;ENTREVIAS;PUBLICO;-21,10625045077062;-47,80918392727402;NAO DISPONIVEL;NAO DISPONIVEL;NAO DISPONIVEL;NÃO HÁ;Rodovias;NAO DISPONIVEL;NAO DISPONIVEL;NAO DISPONIVEL;2;Até 30 dias
3065060;100919;13309;2019;2019/06/16;16;JUNHO;2019;2019.06;DOMINGO;18:20:00;NOITE;RIBEIRAO PRETO;Ribeirão Preto;SP 328;334,8;ESTADUAL;CONCESSIONÁRIA-ARTESP;ENTREVIAS;PUBLICO;-21,10726301560226;-47,810926816569136;NOITE (VIA NÃO ILUMINADA);SECA;DUPLA;AUTOMOVEL;Rodovias;BOM;NORTE;Entre 90 e 100km/h;1;Até 30 dias
3065023;100919;13326;2019;2019/06/15;15;JUNHO;2019;2019.06;SÁBADO;10:30:00;MANHA;RIBEIRAO PRETO;Ribeirão Preto;RUA CORONEL JOSE DA SILVA;100,0;MUNICIPAL;PREFEITURA;PREFEITURA;PUBLICO;-21,266588;-47,817987;NAO DISPONIVEL;NAO DISPONIVEL;NAO DISPONIVEL;NÃO HÁ;Vias Municipais;NAO DISPONIVEL;NAO DISPONIVEL;NAO DISPONIVEL;1;Até 30 dias
3064973;100919;13119;2019;2019/06/14;14;JUNHO;2019;2019.06;SEXTA;09:30:00;MANHA;RIBEIRAO PRETO;Ribeirão Preto;AVENIDA TREZE DE MAIO;310,0;MUNICIPAL;PREFEITURA;PREFEITURA;PUBLICO;-21,176107;-47,792102;LUZ SOLAR;SECA;DUPLA;AUTOMOVEL;Vias Municipais;BOM;LESTE;Entre 60 e 69km/h;1;Até 30 dias
3064830;100919;12400;2019;2019/06/04;4;JUNHO;2019;2019.06;TERÇA;19:18:00;NOITE;RIBEIRAO PRETO;Ribeirão Preto;SP 328;333,5;ESTADUAL;CONCESSIONÁRIA-ARTESP;ENTREVIAS;PUBLICO;-21,11346294531085;-47,82153039069344;NOITE (VIA NÃO ILUMINADA);SECA;DUPLA;AUTOMOVEL;Rodovias;BOM;NORTE;Mais que 100km/h;1;Até 30 dias
3064735;100919;11978;2019;2019/05/30;30;MAIO;2019;2019.05;QUINTA;09:51:00;MANHA;RIBEIRAO PRETO;Ribeirão Preto;AVENIDA CARAMURU;3556,0;MUNICIPAL;PREFEITURA;PREFEITURA;PUBLICO;-21,202571;-47,82515;LUZ SOLAR;SECA;DUPLA;MOTOCICLETA;Vias Municipais;BOM;LESTE;Entre 50 e 59km/h;1;Até 30 dias
3064662;100919;11601;2019;2019/05/25;25;MAIO;2019;2019.05;SÁBADO;00:30:00;MADRUGADA;RIBEIRAO PRETO;Ribeirão Preto;SP 328;327,7;ESTADUAL;CONCESSIONÁRIA-ARTESP;ENTREVIAS;PUBLICO;-21,14071993405384;-47,8681409051451;LUZ SOLAR;SECA;SIMPLES;AUTOMOVEL;Rodovias;BOM;LESTE;Entre 40 e 49km/h;1;Até 30 dias
3064808;100919;11597;2019;2019/05/24;24;MAIO;2019;2019.05;SEXTA;20:50:00;NOITE;RIBEIRAO PRETO;Ribeirão Preto;SP 334;319,05;ESTADUAL;CONCESSIONÁRIA-ARTESP;VIAPAULISTA;PUBLICO;-21,109208859070673;-47,772994261874516;NOITE (VIA NÃO ILUMINADA);SECA;DUPLA;AUTOMOVEL;Rodovias;BOM;NORTE;Mais que 100km/h;1;Até 30 dias
3064561;100919;11116;2019;2019/05/16;16;MAIO;2019;2019.05;QUINTA;11:07:00;MANHA;RIBEIRAO PRETO;Ribeirão Preto;NAO DISPONIVEL;NAO DISPONIVEL;NAO DISPONIVEL;NAO DISPONIVEL;NAO DISPONIVEL;NAO DISPONIVEL;NAO DISPONIVEL;NAO DISPONIVEL;NAO DISPONIVEL;NAO DISPONIVEL;NAO DISPONIVEL;NAO DISPONIVEL;NAO DISPONIVEL;NAO DISPONIVEL;NAO DISPONIVEL;NAO DISPONIVEL;1;Até 30 dias
3064493;100919;10726;2019;2019/05/13;13;MAIO;2019;2019.05;SEGUNDA;17:30:00;TARDE;RIBEIRAO PRETO;Ribeirão Preto;AVENIDA DOUTOR OSCAR DE MOURA LACERDA;500,0;MUNICIPAL;PREFEITURA;PREFEITURA;PUBLICO;-21,155036;-47,776516;NOITE (VIA ILUMINADA);MOLHADA;SIMPLES;MOTOCICLETA;Vias Municipais;CHUVA;EXTERNO;Entre 60 e 69km/h;1;Até 30 dias
3064508;100919;10548;2019;2019/05/11;11;MAIO;2019;2019.05;SÁBADO;07:00:00;MANHA;RIBEIRAO PRETO;Ribeirão Preto;SP 330;302,5;ESTADUAL;CONCESSIONÁRIA-ARTESP;VIAPAULISTA;PUBLICO;-21,253858707780978;-47,75511194299442;NAO DISPONIVEL;NAO DISPONIVEL;NAO DISPONIVEL;CAMINHAO;Rodovias;NAO DISPONIVEL;NAO DISPONIVEL;NAO DISPONIVEL;1;Até 30 dias
3064426;100919;10364;2019;2019/05/09;9;MAIO;2019;2019.05;QUINTA;00:15:00;MADRUGADA;RIBEIRAO PRETO;Ribeirão Preto;RUA JOAO RAMALHO;100,0;MUNICIPAL;PREFEITURA;PREFEITURA;PUBLICO;-21,168724;-47,80307;LUZ SOLAR;SECA;SIMPLES;AUTOMOVEL;Vias Municipais;BOM;EXTERNO;Entre 60 e 69km/h;1;Até 30 dias
3064346;100919;9994;2019;2019/05/04;4;MAIO;2019;2019.05;SÁBADO;21:24:00;NOITE;RIBEIRAO PRETO;Ribeirão Preto;SP 328;331,0;ESTADUAL;CONCESSIONÁRIA-ARTESP;ENTREVIAS;PUBLICO;-21,125362661797148;-47,84190714686298;NOITE (VIA NÃO ILUMINADA);SECA;DUPLA;AUTOMOVEL;Rodovias;BOM;NORTE;Mais que 100km/h;1;Até 30 dias