ID;Id Delegacia (RDO);Número BO (RDO);Ano BO (RDO);Data do Acidente;Dia do Acidente;Mês do Acidente;Ano do Acidente;Ano/Mês do Acidente;Dia da semana;Hora do Acidente;Turno;Município;Região Administrativa;Logradouro;Numeral / KM;Jurisdição;Administração;Conservação;Tipo do Local do Acidente;Lat (GEO);Long (GEO);Iluminação da via (SIOPM);Superfície da Via (SIOPM);Tipo de pista (SIOPM);Outro Veículo Envolvido;Tipo de via;Condições Climáticas (SIOPM);Sentido da Via (SIOPM);Limite da velocidade da via (SIOPM);Quantidade de vítimas;Tempo entre o Acidente e as Mortes
3062993;100919;1463;2019;2019/01/17;17;JANEIRO;2019;2019.01;QUINTA;23:00:00;NOITE;RIBEIRAO PRETO;Ribeirão Preto;SP 330;311,88;ESTADUAL;CONCESSIONÁRIA-ARTESP;VIAPAULISTA;PUBLICO;-21,167962190024866;-47,75637281112389;NOITE (VIA NÃO ILUMINADA);SECA;DUPLA;AUTOMOVEL;Rodovias;BOM;NORTE;Entre 90 e 100km/h;1;Até 30 dias
3072537;100919;11629;2020;2020/12/25;25;DEZEMBRO;2020;2020.12;SEXTA;19:00:00;NOITE;RIBEIRAO PRETO;Ribeirão Preto;SP 330;307,7;ESTADUAL;CONCESSIONÁRIA-ARTESP;VIAPAULISTA;PUBLICO;-21,20701607070533;-47,758427883670535;LUZ SOLAR;SECA;DUPLA;NÃO HÁ;Rodovias;BOM;NORTE;Entre 70 e 79km/h;1;Até 30 dias
3072337;100919;11385;2020;2020/12/13;13;DEZEMBRO;2020;2020.12;DOMINGO;02:50:00;MADRUGADA;RIBEIRAO PRETO;Ribeirão Preto;NAO DISPONIVEL;NAO DISPONIVEL;NAO DISPONIVEL;NAO DISPONIVEL;NAO DISPONIVEL;PUBLICO;NAO DISPONIVEL;NAO DISPONIVEL;NAO DISPONIVEL;NAO DISPONIVEL;NAO DISPONIVEL;AUTOMOVEL;NAO DISPONIVEL;NAO DISPONIVEL;NAO DISPONIVEL;NAO DISPONIVEL;1;Até 30 dias
3072386;100919;11394;2020;2020/12/13;13;DEZEMBRO;2020;2020.12;DOMINGO;17:00:00;TARDE;RIBEIRAO PRETO;Ribeirão Preto;RUA RIO GRANDE DO SUL;177,0;MUNICIPAL;PREFEITURA;PREFEITURA;PUBLICO;-21,1607753649891;-47,8165903335803;LUZ SOLAR;SECA;SIMPLES;MOTOCICLETA;Vias Municipais;BOM;SUL;Entre 60 e 69km/h;1;Até 30 dias
3072340;100919;11366;2020;2020/12/12;12;DEZEMBRO;2020;2020.12;SÁBADO;04:00:00;MADRUGADA;RIBEIRAO PRETO;Ribeirão Preto;AVENIDA DOUTOR CELSO CHARURI;10,0;MUNICIPAL;PREFEITURA;PREFEITURA;PUBLICO;-21,215317082066996;-47,77302471534571;NOITE (VIA ILUMINADA);SECA;DUPLA;AUTOMOVEL;Vias Municipais;BOM;EXTERNO;Entre 70 e 79km/h;1;Até 30 dias
3072072;100919;10971;2020;2020/11/20;20;NOVEMBRO;2020;2020.11;SEXTA;04:45:00;MADRUGADA;RIBEIRAO PRETO;Ribeirão Preto;SP 333;48,0;ESTADUAL;DER;DR08 - Ribeirão Preto;PUBLICO;-21,207911367125465;-47,69090655276308;NAO DISPONIVEL;NAO DISPONIVEL;NAO DISPONIVEL;ONIBUS;Rodovias;NAO DISPONIVEL;NAO DISPONIVEL;NAO DISPONIVEL;1;Até 30 dias
3072070;100919;10987;2020;2020/11/20;20;NOVEMBRO;2020;2020.11;SEXTA;23:40:00;NOITE;RIBEIRAO PRETO;Ribeirão Preto;AVENIDA BRAZ OLAIA ACOSTA;1905,0;MUNICIPAL;PREFEITURA;PREFEITURA;PUBLICO;-21,21641902283458;-47,82393168031218;NOITE (VIA ILUMINADA);SECA;DUPLA;NÃO HÁ;Vias Municipais;BOM;NORTE;Entre 60 e 69km/h;1;Até 30 dias
3072015;100919;10895;2020;2020/11/16;16;NOVEMBRO;2020;2020.11;SEGUNDA;12:00:00;TARDE;RIBEIRAO PRETO;Ribeirão Preto;AVENIDA DOM PEDRO I;799,0;MUNICIPAL;PREFEITURA;PREFEITURA;PUBLICO;-21,155867;-47,820122;LUZ SOLAR;SECA;DUPLA;CAMINHAO;Vias Municipais;BOM;OESTE;Entre 60 e 69km/h;1;Até 30 dias
3071967;100919;10822;2020;2020/11/12;12;NOVEMBRO;2020;2020.11;QUINTA;20:50:00;NOITE;RIBEIRAO PRETO;Ribeirão Preto;SP 334;319,0;ESTADUAL;CONCESSIONÁRIA-ARTESP;VIAPAULISTA;PUBLICO;-21,109421964544104;-47,773321549008415;NOITE (VIA NÃO ILUMINADA);MOLHADA;DUPLA;CAMINHAO;Rodovias;CHUVA;NORTE;Mais que 100km/h;1;Até 30 dias
3071922;100919;10748;2020;2020/11/08;8;NOVEMBRO;2020;2020.11;DOMINGO;22:00:00;NOITE;RIBEIRAO PRETO;Ribeirão Preto;RUA ZILDA FARIA;700,0;MUNICIPAL;PREFEITURA;PREFEITURA;PUBLICO;-21,1084025399999;-47,83311679;NAO DISPONIVEL;NAO DISPONIVEL;NAO DISPONIVEL;MOTOCICLETA;Vias Municipais;NAO DISPONIVEL;NAO DISPONIVEL;NAO DISPONIVEL;1;Até 30 dias
3071874;100919;10714;2020;2020/11/07;7;NOVEMBRO;2020;2020.11;SÁBADO;15:30:00;TARDE;RIBEIRAO PRETO;Ribeirão Preto;AVENIDA EDUARDO ANDREIA MATARAZZO;2320,0;MUNICIPAL;PREFEITURA;PREFEITURA;PUBLICO;-21,142646;-47,802152;NAO DISPONIVEL;NAO DISPONIVEL;NAO DISPONIVEL;AUTOMOVEL;Vias Municipais;NAO DISPONIVEL;NAO DISPONIVEL;NAO DISPONIVEL;1;Até 30 dias
3071935;100919;10757;2020;2020/10/28;28;OUTUBRO;2020;2020.10;QUARTA;14:15:00;TARDE;RIBEIRAO PRETO;Ribeirão Preto;AVENIDA DOM PEDRO I;537,0;MUNICIPAL;PREFEITURA;PREFEITURA;PUBLICO;-21,157258;-47,818061;LUZ SOLAR;SECA;SIMPLES;AUTOMOVEL;Vias Municipais;BOM;LESTE;Entre 60 e 69km/h;1;Até 30 dias
3071633;100919;10194;2020;2020/10/15;15;OUTUBRO;2020;2020.10;QUINTA;NAO DISPONIVEL;NAO DISPONIVEL;RIBEIRAO PRETO;Ribeirão Preto;AVENIDA BARAO DO BANANAL;1000,0;MUNICIPAL;PREFEITURA;PREFEITURA;PUBLICO;-21,183054;-47,773061;NAO DISPONIVEL;NAO DISPONIVEL;NAO DISPONIVEL;AUTOMOVEL;Vias Municipais;NAO DISPONIVEL;NAO DISPONIVEL;NAO DISPONIVEL;1;Até 30 dias
3071531;100919;10035;2020;2020/10/08;8;OUTUBRO;2020;2020.10;QUINTA;14:15:00;TARDE;RIBEIRAO PRETO;Ribeirão Preto;DR PAULO ROBERTO CARLUCCI;NAO DISPONIVEL;MUNICIPAL;PREFEITURA;PREFEITURA;PUBLICO;-21,265171;-47,828436;NAO DISPONIVEL;NAO DISPONIVEL;NAO DISPONIVEL;AUTOMOVEL;Vias Municipais;NAO DISPONIVEL;NAO DISPONIVEL;NAO DISPONIVEL;1;Até 30 dias
3071362;100919;9981;2020;2020/10/06;6;OUTUBRO;2020;2020.10;TERÇA;NAO DISPONIVEL;NAO DISPONIVEL;RIBEIRAO PRETO;Ribeirão Preto;NAO DISPONIVEL;NAO DISPONIVEL;NAO DISPONIVEL;NAO DISPONIVEL;NAO DISPONIVEL;NAO DISPONIVEL;NAO DISPONIVEL;NAO DISPONIVEL;NAO DISPONIVEL;NAO DISPONIVEL;NAO DISPONIVEL;NAO DISPONIVEL;NAO DISPONIVEL;NAO DISPONIVEL;NAO DISPONIVEL;NAO DISPONIVEL;1;Até 30 dias
3071264;100919;9632;2020;2020/09/20;20;SETEMBRO;2020;2020.09;DOMINGO;00:15:00;MADRUGADA;RIBEIRAO PRETO;Ribeirão Preto;AVENIDA ALFREDO RAVANELI;5000,0;MUNICIPAL;PREFEITURA;PREFEITURA;PUBLICO;-21,1489725727241;-47,6796591836453;LUZ SOLAR;SECA;SIMPLES;NÃO HÁ;Vias Municipais;BOM;OESTE;Entre 40 e 49km/h;1;Até 30 dias
3071203;100919;9594;2020;2020/09/18;18;SETEMBRO;2020;2020.09;SEXTA;07:02:00;MANHA;RIBEIRAO PRETO;Ribeirão Preto;RUA BERNARDINO DE CAMPOS;1000,0;MUNICIPAL;PREFEITURA;PREFEITURA;PUBLICO;-21,185352;-47,808267;NAO DISPONIVEL;NAO DISPONIVEL;NAO DISPONIVEL;NAO DISPONIVEL;Vias Municipais;NAO DISPONIVEL;NAO DISPONIVEL;NAO DISPONIVEL;1;Até 30 dias
3071198;100919;9610;2020;2020/09/18;18;SETEMBRO;2020;2020.09;SEXTA;22:10:00;NOITE;RIBEIRAO PRETO;Ribeirão Preto;SP 330;308,3;ESTADUAL;CONCESSIONÁRIA-ARTESP;VIAPAULISTA;PUBLICO;-21,201409326851238;-47,758157029984105;NOITE (VIA NÃO ILUMINADA);SECA;DUPLA;CAMINHAO;Rodovias;BOM;NORTE;Entre 90 e 100km/h;1;Até 30 dias
3071184;100919;9506;2020;2020/09/14;14;SETEMBRO;2020;2020.09;SEGUNDA;20:30:00;NOITE;RIBEIRAO PRETO;Ribeirão Preto;SP 333;46,9;ESTADUAL;DER;DR08 - Ribeirão Preto;PUBLICO;-21,208136356084527;-47,68020257858761;NOITE (VIA NÃO ILUMINADA);SECA;DUPLA;CAMINHAO;Rodovias;BOM;OESTE;Entre 90 e 100km/h;1;Até 30 dias
3071052;100919;9336;2020;2020/09/06;6;SETEMBRO;2020;2020.09;DOMINGO;NAO DISPONIVEL;NAO DISPONIVEL;RIBEIRAO PRETO;Ribeirão Preto;RUA JOSE ADRIANO MIRANDA JUNIOR;3430,0;MUNICIPAL;PREFEITURA;PREFEITURA;PUBLICO;-21,119870751;-47,740477181;NOITE (VIA ILUMINADA);SECA;SIMPLES;MOTOCICLETA;Vias Municipais;BOM;NORTE;Entre 40 e 49km/h;1;Até 30 dias
3070981;100919;9232;2020;2020/09/02;2;SETEMBRO;2020;2020.09;QUARTA;NAO DISPONIVEL;NAO DISPONIVEL;RIBEIRAO PRETO;Ribeirão Preto;AVENIDA TOMAS ALBERTO WHATELI;100,0;MUNICIPAL;PREFEITURA;PREFEITURA;PUBLICO;-21,137097;-47,801647;NAO DISPONIVEL;NAO DISPONIVEL;NAO DISPONIVEL;NÃO HÁ;Vias Municipais;NAO DISPONIVEL;NAO DISPONIVEL;NAO DISPONIVEL;1;Até 30 dias
3070928;100919;9078;2020;2020/08/26;26;AGOSTO;2020;2020.08;QUARTA;09:30:00;MANHA;RIBEIRAO PRETO;Ribeirão Preto;SP 330;301,4;ESTADUAL;CONCESSIONÁRIA-ARTESP;VIAPAULISTA;PUBLICO;-21,263591995899034;-47,75524076314298;LUZ SOLAR;SECA;DUPLA;CAMINHAO;Rodovias;BOM;SUL;Mais que 100km/h;1;Até 30 dias
3070895;100919;9091;2020;2020/08/26;26;AGOSTO;2020;2020.08;QUARTA;17:15:00;TARDE;RIBEIRAO PRETO;Ribeirão Preto;RUA BARRETOS;250,0;MUNICIPAL;PREFEITURA;PREFEITURA;PUBLICO;-21,152132;-47,789274;LUZ SOLAR;SECA;DUPLA;CAMINHAO;Vias Municipais;BOM;EXTERNO;Entre 40 e 49km/h;1;Até 30 dias
3070740;100919;8959;2020;2020/08/19;19;AGOSTO;2020;2020.08;QUARTA;19:00:00;NOITE;RIBEIRAO PRETO;Ribeirão Preto;RUA ABRAAO CAIXE;1028,0;MUNICIPAL;PREFEITURA;PREFEITURA;PUBLICO;-21,210756;-47,804556;NAO DISPONIVEL;NAO DISPONIVEL;NAO DISPONIVEL;MOTOCICLETA;Vias Municipais;NAO DISPONIVEL;NAO DISPONIVEL;NAO DISPONIVEL;1;Até 30 dias
3070372;100919;8513;2020;2020/07/25;25;JULHO;2020;2020.07;SÁBADO;13:28:00;TARDE;RIBEIRAO PRETO;Ribeirão Preto;NAO DISPONIVEL;NAO DISPONIVEL;NAO DISPONIVEL;NAO DISPONIVEL;NAO DISPONIVEL;NAO DISPONIVEL;NAO DISPONIVEL;NAO DISPONIVEL;NAO DISPONIVEL;NAO DISPONIVEL;NAO DISPONIVEL;NAO DISPONIVEL;NAO DISPONIVEL;NAO DISPONIVEL;NAO DISPONIVEL;NAO DISPONIVEL;1;Até 30 dias
3070244;100919;8320;2020;2020/07/13;13;JULHO;2020;2020.07;SEGUNDA;21:20:00;NOITE;RIBEIRAO PRETO;Ribeirão Preto;NAO DISPONIVEL;NAO DISPONIVEL;NAO DISPONIVEL;NAO DISPONIVEL;NAO DISPONIVEL;NAO DISPONIVEL;NAO DISPONIVEL;NAO DISPONIVEL;NAO DISPONIVEL;NAO DISPONIVEL;NAO DISPONIVEL;NÃO HÁ;NAO DISPONIVEL;NAO DISPONIVEL;NAO DISPONIVEL;NAO DISPONIVEL;1;Até 30 dias
3070206;100919;8276;2020;2020/07/11;11;JULHO;2020;2020.07;SÁBADO;14:02:00;TARDE;RIBEIRAO PRETO;Ribeirão Preto;RUA ERNESTA CEOLOTO DEL VECHIO;221,0;MUNICIPAL;PREFEITURA;PREFEITURA;PUBLICO;-21,123163;-47,83103;NAO DISPONIVEL;NAO DISPONIVEL;NAO DISPONIVEL;AUTOMOVEL;Vias Municipais;NAO DISPONIVEL;NAO DISPONIVEL;NAO DISPONIVEL;1;Até 30 dias
3070107;100919;8120;2020;2020/07/03;3;JULHO;2020;2020.07;SEXTA;05:50:00;MADRUGADA;RIBEIRAO PRETO;Ribeirão Preto;SP 328;329,8;ESTADUAL;CONCESSIONÁRIA-ARTESP;ENTREVIAS;PUBLICO;-21,13097297147814;-47,85148238019243;NOITE (VIA NÃO ILUMINADA);SECA;DUPLA;AUTOMOVEL;Rodovias;BOM;SUL;Mais que 100km/h;1;Até 30 dias
3070104;100919;8118;2020;2020/07/02;2;JULHO;2020;2020.07;QUINTA;21:00:00;NOITE;RIBEIRAO PRETO;Ribeirão Preto;SP 328;333,7;ESTADUAL;CONCESSIONÁRIA-ARTESP;ENTREVIAS;PUBLICO;-21,11250287828031;-47,81990485404721;NAO DISPONIVEL;NAO DISPONIVEL;NAO DISPONIVEL;CAMINHAO;Rodovias;NAO DISPONIVEL;NAO DISPONIVEL;NAO DISPONIVEL;1;Até 30 dias
3070073;100919;8050;2020;2020/06/28;28;JUNHO;2020;2020.06;DOMINGO;12:06:00;TARDE;RIBEIRAO PRETO;Ribeirão Preto;SP 328;330,5;ESTADUAL;CONCESSIONÁRIA-ARTESP;ENTREVIAS;PUBLICO;-21,127726700850758;-47,84592858107745;LUZ SOLAR;SECA;DUPLA;CAMINHAO;Rodovias;BOM;SUL;Mais que 100km/h;1;Até 30 dias
3070062;100919;8075;2020;2020/06/25;25;JUNHO;2020;2020.06;QUINTA;14:35:00;TARDE;RIBEIRAO PRETO;Ribeirão Preto;NAO DISPONIVEL;NAO DISPONIVEL;NAO DISPONIVEL;NAO DISPONIVEL;NAO DISPONIVEL;PUBLICO;NAO DISPONIVEL;NAO DISPONIVEL;NAO DISPONIVEL;NAO DISPONIVEL;NAO DISPONIVEL;NÃO HÁ;NAO DISPONIVEL;NAO DISPONIVEL;NAO DISPONIVEL;NAO DISPONIVEL;1;Até 30 dias
3070007;100919;7975;2020;2020/06/23;23;JUNHO;2020;2020.06;TERÇA;22:30:00;NOITE;RIBEIRAO PRETO;Ribeirão Preto;SP 328;334,0;ESTADUAL;CONCESSIONÁRIA-ARTESP;ENTREVIAS;PUBLICO;-21,11107387560814;-47,8174600347333;NAO DISPONIVEL;NAO DISPONIVEL;NAO DISPONIVEL;AUTOMOVEL;Rodovias;NAO DISPONIVEL;NAO DISPONIVEL;NAO DISPONIVEL;1;Até 30 dias
3069922;100919;7869;2020;2020/06/17;17;JUNHO;2020;2020.06;QUARTA;17:00:00;TARDE;RIBEIRAO PRETO;Ribeirão Preto;AVENIDA GENERAL EUCLYDES DE FIGUEIREDO;1260,0;MUNICIPAL;PREFEITURA;PREFEITURA;PUBLICO;-21,112357;-47,789695;LUZ SOLAR;SECA;SIMPLES;MOTOCICLETA;Vias Municipais;BOM;EXTERNO;Entre 60 e 69km/h;1;Até 30 dias
3069923;100919;7872;2020;2020/06/17;17;JUNHO;2020;2020.06;QUARTA;23:11:00;NOITE;RIBEIRAO PRETO;Ribeirão Preto;RUA GENERAL CAMARA;127,0;MUNICIPAL;PREFEITURA;PREFEITURA;PUBLICO;-21,155478;-47,828017;NAO DISPONIVEL;NAO DISPONIVEL;NAO DISPONIVEL;AUTOMOVEL;Vias Municipais;NAO DISPONIVEL;NAO DISPONIVEL;NAO DISPONIVEL;1;Até 30 dias
3069995;100919;7935;2020;2020/06/06;6;JUNHO;2020;2020.06;SÁBADO;15:11:00;TARDE;RIBEIRAO PRETO;Ribeirão Preto;AVENIDA TOMAS ALBERTO WHATELI;3100,0;MUNICIPAL;PREFEITURA;PREFEITURA;PUBLICO;-21,14319;-47,778143;LUZ SOLAR;SECA;SIMPLES;MOTOCICLETA;Vias Municipais;BOM;EXTERNO;Entre 60 e 69km/h;1;Até 30 dias
3069690;100919;7511;2020;2020/05/27;27;MAIO;2020;2020.05;QUARTA;20:30:00;NOITE;RIBEIRAO PRETO;Ribeirão Preto;AVENIDA HENRI NESTLE;1,0;MUNICIPAL;PREFEITURA;PREFEITURA;PUBLICO;-21,193253;-47,756923;NAO DISPONIVEL;NAO DISPONIVEL;NAO DISPONIVEL;MOTOCICLETA;Vias Municipais;NAO DISPONIVEL;NAO DISPONIVEL;NAO DISPONIVEL;1;Até 30 dias
3069694;100919;7462;2020;2020/05/25;25;MAIO;2020;2020.05;SEGUNDA;11:40:00;MANHA;RIBEIRAO PRETO;Ribeirão Preto;AVENIDA MAURILIO BIAGI;815,0;MUNICIPAL;PREFEITURA;PREFEITURA;PUBLICO;-21,200998;-47,795655;LUZ SOLAR;SECA;DUPLA;NÃO HÁ;Vias Municipais;BOM;NORTE;Entre 70 e 79km/h;1;Até 30 dias
3069621;100919;7438;2020;2020/05/22;22;MAIO;2020;2020.05;SEXTA;12:42:00;TARDE;RIBEIRAO PRETO;Ribeirão Preto;AVENIDA DA SAUDADE;2401,0;MUNICIPAL;PREFEITURA;PREFEITURA;PUBLICO;-21,153746;-47,794206;LUZ SOLAR;SECA;DUPLA;AUTOMOVEL;Vias Municipais;BOM;EXTERNO;Entre 50 e 59km/h;1;Até 30 dias
3069616;100919;7417;2020;2020/05/19;19;MAIO;2020;2020.05;TERÇA;09:00:00;MANHA;RIBEIRAO PRETO;Ribeirão Preto;NAO DISPONIVEL;NAO DISPONIVEL;NAO DISPONIVEL;NAO DISPONIVEL;NAO DISPONIVEL;NAO DISPONIVEL;NAO DISPONIVEL;NAO DISPONIVEL;NAO DISPONIVEL;NAO DISPONIVEL;NAO DISPONIVEL;NÃO HÁ;NAO DISPONIVEL;NAO DISPONIVEL;NAO DISPONIVEL;NAO DISPONIVEL;1;Até 30 dias
3069518;100919;7253;2020;2020/05/12;12;MAIO;2020;2020.05;TERÇA;21:30:00;NOITE;RIBEIRAO PRETO;Ribeirão Preto;SP 328;330,0;ESTADUAL;CONCESSIONÁRIA-ARTESP;ENTREVIAS;PUBLICO;-21,13004734229037;-47,84989421331581;NAO DISPONIVEL;NAO DISPONIVEL;NAO DISPONIVEL;NAO DISPONIVEL;Rodovias;NAO DISPONIVEL;NAO DISPONIVEL;NAO DISPONIVEL;1;Até 30 dias
3069462;100919;7194;2020;2020/05/08;8;MAIO;2020;2020.05;SEXTA;22:18:00;NOITE;RIBEIRAO PRETO;Ribeirão Preto;SP 255;3,6;ESTADUAL;CONCESSIONÁRIA-ARTESP;VIAPAULISTA;PUBLICO;-21,229028318686026;-47,77913926494194;NOITE (VIA NÃO ILUMINADA);SECA;DUPLA;CAMINHAO;Rodovias;BOM;OESTE;Entre 90 e 100km/h;1;Até 30 dias
3069361;100919;6984;2020;2020/04/26;26;ABRIL;2020;2020.04;DOMINGO;21:30:00;NOITE;RIBEIRAO PRETO;Ribeirão Preto;SP 328;335,0;ESTADUAL;CONCESSIONÁRIA-ARTESP;ENTREVIAS;PUBLICO;-21,10625045077062;-47,80918392727402;LUZ SOLAR;SECA;DUPLA;AUTOMOVEL;Rodovias;BOM;SUL;Mais que 100km/h;1;Até 30 dias
3069328;100919;6964;2020;2020/04/25;25;ABRIL;2020;2020.04;SÁBADO;18:28:00;NOITE;RIBEIRAO PRETO;Ribeirão Preto;SP 334;319,29;ESTADUAL;CONCESSIONÁRIA-ARTESP;VIAPAULISTA;PUBLICO;-21,10820643567795;-47,77141016089182;NAO DISPONIVEL;NAO DISPONIVEL;NAO DISPONIVEL;AUTOMOVEL;Rodovias;NAO DISPONIVEL;NAO DISPONIVEL;NAO DISPONIVEL;1;Até 30 dias
3069035;100919;6514;2020;2020/03/28;28;MARÇO;2020;2020.03;SÁBADO;16:45:00;TARDE;RIBEIRAO PRETO;Ribeirão Preto;AVENIDA TOMAS ALBERTO WHATELI;13116,0;MUNICIPAL;PREFEITURA;PREFEITURA;PUBLICO;-21,149883;-47,756939;LUZ SOLAR;SECA;SIMPLES;MOTOCICLETA;Vias Municipais;BOM;EXTERNO;Entre 50 e 59km/h;1;Até 30 dias
3069159;100919;6727;2020;2020/03/27;27;MARÇO;2020;2020.03;SEXTA;NAO DISPONIVEL;NAO DISPONIVEL;RIBEIRAO PRETO;Ribeirão Preto;NAO DISPONIVEL;NAO DISPONIVEL;NAO DISPONIVEL;NAO DISPONIVEL;NAO DISPONIVEL;NAO DISPONIVEL;NAO DISPONIVEL;NAO DISPONIVEL;NAO DISPONIVEL;NAO DISPONIVEL;NAO DISPONIVEL;NAO DISPONIVEL;NAO DISPONIVEL;NAO DISPONIVEL;NAO DISPONIVEL;NAO DISPONIVEL;1;Até 30 dias
3068957;100323;773;2020;2020/03/22;22;MARÇO;2020;2020.03;DOMINGO;08:50:00;MANHA;RIBEIRAO PRETO;Ribeirão Preto;AVENIDA LUIZ GALVAO CESAR;NAO DISPONIVEL;MUNICIPAL;PREFEITURA;PREFEITURA;PUBLICO;NAO DISPONIVEL;NAO DISPONIVEL;NAO DISPONIVEL;NAO DISPONIVEL;NAO DISPONIVEL;CAMINHAO;Vias Municipais;NAO DISPONIVEL;NAO DISPONIVEL;NAO DISPONIVEL;1;Até 30 dias
3068888;100919;6237;2020;2020/03/17;17;MARÇO;2020;2020.03;TERÇA;16:20:00;TARDE;RIBEIRAO PRETO;Ribeirão Preto;SP 291;2,0;ESTADUAL;DER;DR08 - Ribeirão Preto;PUBLICO;-21,20582866874958;-47,89451494972782;NAO DISPONIVEL;NAO DISPONIVEL;NAO DISPONIVEL;CAMINHAO;Rodovias;NAO DISPONIVEL;NAO DISPONIVEL;NAO DISPONIVEL;1;Até 30 dias
3068745;100919;5532;2020;2020/03/09;9;MARÇO;2020;2020.03;SEGUNDA;04:00:00;MADRUGADA;RIBEIRAO PRETO;Ribeirão Preto;SP 328;330,1;ESTADUAL;CONCESSIONÁRIA-ARTESP;ENTREVIAS;PUBLICO;-21,12958067163683;-47,84910236864315;NOITE (VIA NÃO ILUMINADA);SECA;DUPLA;CAMINHAO;Rodovias;BOM;SUL;Mais que 100km/h;2;Até 30 dias
3068728;100919;5474;2020;2020/03/08;8;MARÇO;2020;2020.03;DOMINGO;05:23:00;MADRUGADA;RIBEIRAO PRETO;Ribeirão Preto;SP 330;315,05;ESTADUAL;CONCESSIONÁRIA-ARTESP;VIAPAULISTA;PUBLICO;-21,13924128603017;-47,762099771970085;LUZ SOLAR;SECA;DUPLA;AUTOMOVEL;Rodovias;BOM;NORTE;Entre 90 e 100km/h;1;Até 30 dias
3068870;100919;6366;2020;2020/03/03;3;MARÇO;2020;2020.03;TERÇA;13:30:00;TARDE;RIBEIRAO PRETO;Ribeirão Preto;RUA ITAPETININGA;51,0;MUNICIPAL;PREFEITURA;PREFEITURA;PUBLICO;-21,165477;-47,825654;NAO DISPONIVEL;NAO DISPONIVEL;NAO DISPONIVEL;MOTOCICLETA;Vias Municipais;NAO DISPONIVEL;NAO DISPONIVEL;NAO DISPONIVEL;1;Até 30 dias
3068593;100919;4621;2020;2020/02/24;24;FEVEREIRO;2020;2020.02;SEGUNDA;20:53:00;NOITE;RIBEIRAO PRETO;Ribeirão Preto;RUA PETROPOLIS;500,0;MUNICIPAL;PREFEITURA;PREFEITURA;PUBLICO;-21,125408;-47,785281;NOITE (VIA ILUMINADA);SECA;DUPLA;NÃO HÁ;Vias Municipais;BOM;NORTE;Entre 60 e 69km/h;1;Até 30 dias
3068512;100919;4031;2020;2020/02/19;19;FEVEREIRO;2020;2020.02;QUARTA;06:34:00;MANHA;RIBEIRAO PRETO;Ribeirão Preto;SP 333;55,0;ESTADUAL;CONCESSIONÁRIA-ARTESP;ENTREVIAS;PUBLICO;-21,20697851960712;-47,76090314269402;LUZ SOLAR;SECA;DUPLA;NÃO HÁ;Rodovias;BOM;SUL;Entre 60 e 69km/h;1;Até 30 dias
3068634;100919;4953;2020;2020/02/14;14;FEVEREIRO;2020;2020.02;SEXTA;NAO DISPONIVEL;NAO DISPONIVEL;RIBEIRAO PRETO;Ribeirão Preto;NAO DISPONIVEL;NAO DISPONIVEL;NAO DISPONIVEL;NAO DISPONIVEL;NAO DISPONIVEL;NAO DISPONIVEL;NAO DISPONIVEL;NAO DISPONIVEL;NAO DISPONIVEL;NAO DISPONIVEL;NAO DISPONIVEL;NÃO HÁ;NAO DISPONIVEL;NAO DISPONIVEL;NAO DISPONIVEL;NAO DISPONIVEL;1;Até 30 dias
3068391;100919;3151;2020;2020/02/09;9;FEVEREIRO;2020;2020.02;DOMINGO;05:25:00;MADRUGADA;RIBEIRAO PRETO;Ribeirão Preto;SP 322;312,0;ESTADUAL;CONCESSIONÁRIA-ARTESP;ENTREVIAS;PUBLICO;-21,22216874173159;-47,79154503501302;NAO DISPONIVEL;NAO DISPONIVEL;NAO DISPONIVEL;AUTOMOVEL;Rodovias;NAO DISPONIVEL;NAO DISPONIVEL;NAO DISPONIVEL;3;Até 30 dias