ID;Id Delegacia (RDO);Número BO (RDO);Ano BO (RDO);Data do Acidente;Dia do Acidente;Mês do Acidente;Ano do Acidente;Ano/Mês do Acidente;Dia da semana;Hora do Acidente;Turno;Município;Região Administrativa;Logradouro;Numeral / KM;Jurisdição;Administração;Conservação;Tipo do Local do Acidente;Lat (GEO);Long (GEO);Iluminação da via (SIOPM);Superfície da Via (SIOPM);Tipo de pista (SIOPM);Outro Veículo Envolvido;Tipo de via;Condições Climáticas (SIOPM);Sentido da Via (SIOPM);Limite da velocidade da via (SIOPM);Quantidade de vítimas;Tempo entre o Acidente e as Mortes
3068344;100919;2931;2020;2020/02/06;6;FEVEREIRO;2020;2020.02;QUINTA;08:00:00;MANHA;RIBEIRAO PRETO;Ribeirão Preto;AVENIDA TOMAS ALBERTO WHATELI;607,0;MUNICIPAL;PREFEITURA;PREFEITURA;PUBLICO;-21,137144;-47,800579;LUZ SOLAR;SECA;SIMPLES;AUTOMOVEL;Vias Municipais;BOM;EXTERNO;Entre 50 e 59km/h;1;Até 30 dias
3068287;100919;2683;2020;2020/02/03;3;FEVEREIRO;2020;2020.02;SEGUNDA;16:25:00;TARDE;RIBEIRAO PRETO;Ribeirão Preto;AVENIDA PORTUGAL;900,0;MUNICIPAL;PREFEITURA;PREFEITURA;PUBLICO;-21,194842;-47,800702;LUZ SOLAR;SECA;DUPLA;AUTOMOVEL;Vias Municipais;BOM;NORTE;Entre 60 e 69km/h;1;Até 30 dias
3068282;100919;2604;2020;2020/02/02;2;FEVEREIRO;2020;2020.02;DOMINGO;19:58:00;NOITE;RIBEIRAO PRETO;Ribeirão Preto;SP 328;332,9;ESTADUAL;CONCESSIONÁRIA-ARTESP;ENTREVIAS;PUBLICO;-21,116320109644526;-47,82642035287761;NOITE (VIA NÃO ILUMINADA);SECA;DUPLA;NÃO HÁ;Rodovias;BOM;SUL;Mais que 100km/h;1;Até 30 dias
3068258;100919;2542;2020;2020/02/01;1;FEVEREIRO;2020;2020.02;SÁBADO;19:10:00;NOITE;RIBEIRAO PRETO;Ribeirão Preto;SP 322;315,0;ESTADUAL;CONCESSIONÁRIA-ARTESP;ENTREVIAS;PUBLICO;-21,222297214910537;-47,8195782766708;NOITE (VIA NÃO ILUMINADA);MOLHADA;DUPLA;AUTOMOVEL;Rodovias;CHUVA;OESTE;Entre 40 e 49km/h;1;Até 30 dias
3068206;100919;2133;2020;2020/01/26;26;JANEIRO;2020;2020.01;DOMINGO;20:40:00;NOITE;RIBEIRAO PRETO;Ribeirão Preto;RUA JAVARI;NAO DISPONIVEL;MUNICIPAL;PREFEITURA;PREFEITURA;PUBLICO;NAO DISPONIVEL;NAO DISPONIVEL;NAO DISPONIVEL;NAO DISPONIVEL;NAO DISPONIVEL;NÃO HÁ;Vias Municipais;NAO DISPONIVEL;NAO DISPONIVEL;NAO DISPONIVEL;1;Até 30 dias
3068174;100919;1968;2020;2020/01/25;25;JANEIRO;2020;2020.01;SÁBADO;12:30:00;TARDE;RIBEIRAO PRETO;Ribeirão Preto;AVENIDA PROFESSOR PEDREIRA DE FREITAS;910,0;MUNICIPAL;PREFEITURA;PREFEITURA;PUBLICO;-21,197111;-47,849026;LUZ SOLAR;SECA;DUPLA;AUTOMOVEL;Vias Municipais;BOM;OESTE;Entre 60 e 69km/h;1;Até 30 dias
3068346;100919;2939;2020;2020/01/21;21;JANEIRO;2020;2020.01;TERÇA;15:36:00;TARDE;RIBEIRAO PRETO;Ribeirão Preto;AVENIDA JERONIMO GONCALVES;200,0;MUNICIPAL;PREFEITURA;PREFEITURA;PUBLICO;-21,170697;-47,812069;LUZ SOLAR;SECA;SIMPLES;ONIBUS;Vias Municipais;BOM;INTERNO;Entre 40 e 49km/h;1;Até 30 dias
3068097;100919;1419;2020;2020/01/18;18;JANEIRO;2020;2020.01;SÁBADO;20:30:00;NOITE;RIBEIRAO PRETO;Ribeirão Preto;AVENIDA LUIZ GALVAO CESAR;391,0;MUNICIPAL;PREFEITURA;PREFEITURA;PUBLICO;-21,141246;-47,833276;NAO DISPONIVEL;NAO DISPONIVEL;NAO DISPONIVEL;NAO DISPONIVEL;Vias Municipais;NAO DISPONIVEL;NAO DISPONIVEL;NAO DISPONIVEL;1;Até 30 dias
3068039;100919;1079;2020;2020/01/14;14;JANEIRO;2020;2020.01;TERÇA;17:26:00;TARDE;RIBEIRAO PRETO;Ribeirão Preto;RUA GENERAL CAMARA;1838,0;MUNICIPAL;PREFEITURA;PREFEITURA;PUBLICO;-21,143601;-47,817463;LUZ SOLAR;SECA;SIMPLES;MOTOCICLETA;Vias Municipais;BOM;EXTERNO;Entre 40 e 49km/h;1;Até 30 dias
3068040;100919;1087;2020;2020/01/14;14;JANEIRO;2020;2020.01;TERÇA;18:10:00;NOITE;RIBEIRAO PRETO;Ribeirão Preto;SP 322;312,3;ESTADUAL;CONCESSIONÁRIA-ARTESP;ENTREVIAS;PUBLICO;-21,222664538921855;-47,79436491359073;LUZ SOLAR;SECA;DUPLA;NÃO HÁ;Rodovias;BOM;LESTE;Entre 90 e 100km/h;1;Até 30 dias
3068030;100919;926;2020;2020/01/12;12;JANEIRO;2020;2020.01;DOMINGO;23:30:00;NOITE;RIBEIRAO PRETO;Ribeirão Preto;SP 322;312,0;ESTADUAL;CONCESSIONÁRIA-ARTESP;ENTREVIAS;PUBLICO;-21,22216874173159;-47,79154503501302;NAO DISPONIVEL;NAO DISPONIVEL;NAO DISPONIVEL;AUTOMOVEL;Rodovias;NAO DISPONIVEL;NAO DISPONIVEL;NAO DISPONIVEL;1;Até 30 dias
3068070;100919;1242;2020;2020/01/12;12;JANEIRO;2020;2020.01;DOMINGO;21:53:00;NOITE;RIBEIRAO PRETO;Ribeirão Preto;RUA ANTONIO GALAO;300,0;MUNICIPAL;PREFEITURA;PREFEITURA;PUBLICO;-21,129579;-47,823708;NAO DISPONIVEL;NAO DISPONIVEL;NAO DISPONIVEL;AUTOMOVEL;Vias Municipais;NAO DISPONIVEL;NAO DISPONIVEL;NAO DISPONIVEL;1;Até 30 dias
3068019;100919;806;2020;2020/01/10;10;JANEIRO;2020;2020.01;SEXTA;NAO DISPONIVEL;NAO DISPONIVEL;RIBEIRAO PRETO;Ribeirão Preto;RUA GENERAL CAMARA;2583,0;MUNICIPAL;PREFEITURA;PREFEITURA;PUBLICO;-21,138227;-47,812829;NAO DISPONIVEL;NAO DISPONIVEL;NAO DISPONIVEL;MOTOCICLETA;Vias Municipais;NAO DISPONIVEL;NAO DISPONIVEL;NAO DISPONIVEL;1;Até 30 dias
3068052;100919;1132;2020;2020/01/10;10;JANEIRO;2020;2020.01;SEXTA;08:30:00;MANHA;RIBEIRAO PRETO;Ribeirão Preto;SPA 325/322;5,549;ESTADUAL;CONCESSIONÁRIA-ARTESP;ENTREVIAS;PUBLICO;-21,178188;-47,82361;LUZ SOLAR;SECA;DUPLA;NÃO HÁ;Rodovias;BOM;LESTE;Entre 90 e 100km/h;1;Até 30 dias
3067950;100919;609;2020;2020/01/08;8;JANEIRO;2020;2020.01;QUARTA;14:15:00;TARDE;RIBEIRAO PRETO;Ribeirão Preto;AVENIDA DOM PEDRO I;1086,0;MUNICIPAL;PREFEITURA;PREFEITURA;PUBLICO;-21,15393;-47,821951;LUZ SOLAR;SECA;DUPLA;CAMINHAO;Vias Municipais;BOM;OESTE;Entre 40 e 49km/h;1;Até 30 dias
3068631;100425;171;2020;2019/12/14;14;DEZEMBRO;2019;2019.12;SÁBADO;07:49:00;MANHA;RIBEIRAO PRETO;Ribeirão Preto;AVENIDA DOM PEDRO I;1485,0;MUNICIPAL;PREFEITURA;PREFEITURA;PUBLICO;-21,151799;-47,824754;NAO DISPONIVEL;NAO DISPONIVEL;NAO DISPONIVEL;AUTOMOVEL;Vias Municipais;NAO DISPONIVEL;NAO DISPONIVEL;NAO DISPONIVEL;1;Mais de 30 dias
3068517;100919;4024;2020;2019/12/01;1;DEZEMBRO;2019;2019.12;DOMINGO;NAO DISPONIVEL;NAO DISPONIVEL;RIBEIRAO PRETO;Ribeirão Preto;NAO DISPONIVEL;NAO DISPONIVEL;NAO DISPONIVEL;NAO DISPONIVEL;NAO DISPONIVEL;NAO DISPONIVEL;NAO DISPONIVEL;NAO DISPONIVEL;NAO DISPONIVEL;NAO DISPONIVEL;NAO DISPONIVEL;NÃO HÁ;NAO DISPONIVEL;NAO DISPONIVEL;NAO DISPONIVEL;NAO DISPONIVEL;1;Mais de 30 dias
3070797;100919;7267;2020;2019/10/16;16;OUTUBRO;2019;2019.10;QUARTA;20:28:00;NOITE;RIBEIRAO PRETO;Ribeirão Preto;AVENIDA GENERAL EUCLIDES DE FIGUEIREDO;764,0;MUNICIPAL;PREFEITURA;PREFEITURA;PUBLICO;-21,1157;-47,79664;NAO DISPONIVEL;NAO DISPONIVEL;NAO DISPONIVEL;AUTOMOVEL;Vias Municipais;NAO DISPONIVEL;NAO DISPONIVEL;NAO DISPONIVEL;1;Mais de 30 dias
3072537;100919;11629;2020;2020/12/25;25;DEZEMBRO;2020;2020.12;SEXTA;19:00:00;NOITE;RIBEIRAO PRETO;Ribeirão Preto;SP 330;307,7;ESTADUAL;CONCESSIONÁRIA-ARTESP;VIAPAULISTA;PUBLICO;-21,20701607070533;-47,758427883670535;LUZ SOLAR;SECA;DUPLA;NÃO HÁ;Rodovias;BOM;NORTE;Entre 70 e 79km/h;1;Até 30 dias
3072072;100919;10971;2020;2020/11/20;20;NOVEMBRO;2020;2020.11;SEXTA;04:45:00;MADRUGADA;RIBEIRAO PRETO;Ribeirão Preto;SP 333;48,0;ESTADUAL;DER;DR08 - Ribeirão Preto;PUBLICO;-21,207911367125465;-47,69090655276308;NAO DISPONIVEL;NAO DISPONIVEL;NAO DISPONIVEL;ONIBUS;Rodovias;NAO DISPONIVEL;NAO DISPONIVEL;NAO DISPONIVEL;1;Até 30 dias
3071967;100919;10822;2020;2020/11/12;12;NOVEMBRO;2020;2020.11;QUINTA;20:50:00;NOITE;RIBEIRAO PRETO;Ribeirão Preto;SP 334;319,0;ESTADUAL;CONCESSIONÁRIA-ARTESP;VIAPAULISTA;PUBLICO;-21,109421964544104;-47,773321549008415;NOITE (VIA NÃO ILUMINADA);MOLHADA;DUPLA;CAMINHAO;Rodovias;CHUVA;NORTE;Mais que 100km/h;1;Até 30 dias
3071198;100919;9610;2020;2020/09/18;18;SETEMBRO;2020;2020.09;SEXTA;22:10:00;NOITE;RIBEIRAO PRETO;Ribeirão Preto;SP 330;308,3;ESTADUAL;CONCESSIONÁRIA-ARTESP;VIAPAULISTA;PUBLICO;-21,201409326851238;-47,758157029984105;NOITE (VIA NÃO ILUMINADA);SECA;DUPLA;CAMINHAO;Rodovias;BOM;NORTE;Entre 90 e 100km/h;1;Até 30 dias
3071184;100919;9506;2020;2020/09/14;14;SETEMBRO;2020;2020.09;SEGUNDA;20:30:00;NOITE;RIBEIRAO PRETO;Ribeirão Preto;SP 333;46,9;ESTADUAL;DER;DR08 - Ribeirão Preto;PUBLICO;-21,208136356084527;-47,68020257858761;NOITE (VIA NÃO ILUMINADA);SECA;DUPLA;CAMINHAO;Rodovias;BOM;OESTE;Entre 90 e 100km/h;1;Até 30 dias
3070928;100919;9078;2020;2020/08/26;26;AGOSTO;2020;2020.08;QUARTA;09:30:00;MANHA;RIBEIRAO PRETO;Ribeirão Preto;SP 330;301,4;ESTADUAL;CONCESSIONÁRIA-ARTESP;VIAPAULISTA;PUBLICO;-21,263591995899034;-47,75524076314298;LUZ SOLAR;SECA;DUPLA;CAMINHAO;Rodovias;BOM;SUL;Mais que 100km/h;1;Até 30 dias
3070107;100919;8120;2020;2020/07/03;3;JULHO;2020;2020.07;SEXTA;05:50:00;MADRUGADA;RIBEIRAO PRETO;Ribeirão Preto;SP 328;329,8;ESTADUAL;CONCESSIONÁRIA-ARTESP;ENTREVIAS;PUBLICO;-21,13097297147814;-47,85148238019243;NOITE (VIA NÃO ILUMINADA);SECA;DUPLA;AUTOMOVEL;Rodovias;BOM;SUL;Mais que 100km/h;1;Até 30 dias
3070104;100919;8118;2020;2020/07/02;2;JULHO;2020;2020.07;QUINTA;21:00:00;NOITE;RIBEIRAO PRETO;Ribeirão Preto;SP 328;333,7;ESTADUAL;CONCESSIONÁRIA-ARTESP;ENTREVIAS;PUBLICO;-21,11250287828031;-47,81990485404721;NAO DISPONIVEL;NAO DISPONIVEL;NAO DISPONIVEL;CAMINHAO;Rodovias;NAO DISPONIVEL;NAO DISPONIVEL;NAO DISPONIVEL;1;Até 30 dias
3070073;100919;8050;2020;2020/06/28;28;JUNHO;2020;2020.06;DOMINGO;12:06:00;TARDE;RIBEIRAO PRETO;Ribeirão Preto;SP 328;330,5;ESTADUAL;CONCESSIONÁRIA-ARTESP;ENTREVIAS;PUBLICO;-21,127726700850758;-47,84592858107745;LUZ SOLAR;SECA;DUPLA;CAMINHAO;Rodovias;BOM;SUL;Mais que 100km/h;1;Até 30 dias
3070007;100919;7975;2020;2020/06/23;23;JUNHO;2020;2020.06;TERÇA;22:30:00;NOITE;RIBEIRAO PRETO;Ribeirão Preto;SP 328;334,0;ESTADUAL;CONCESSIONÁRIA-ARTESP;ENTREVIAS;PUBLICO;-21,11107387560814;-47,8174600347333;NAO DISPONIVEL;NAO DISPONIVEL;NAO DISPONIVEL;AUTOMOVEL;Rodovias;NAO DISPONIVEL;NAO DISPONIVEL;NAO DISPONIVEL;1;Até 30 dias
3069518;100919;7253;2020;2020/05/12;12;MAIO;2020;2020.05;TERÇA;21:30:00;NOITE;RIBEIRAO PRETO;Ribeirão Preto;SP 328;330,0;ESTADUAL;CONCESSIONÁRIA-ARTESP;ENTREVIAS;PUBLICO;-21,13004734229037;-47,84989421331581;NAO DISPONIVEL;NAO DISPONIVEL;NAO DISPONIVEL;NAO DISPONIVEL;Rodovias;NAO DISPONIVEL;NAO DISPONIVEL;NAO DISPONIVEL;1;Até 30 dias
3069462;100919;7194;2020;2020/05/08;8;MAIO;2020;2020.05;SEXTA;22:18:00;NOITE;RIBEIRAO PRETO;Ribeirão Preto;SP 255;3,6;ESTADUAL;CONCESSIONÁRIA-ARTESP;VIAPAULISTA;PUBLICO;-21,229028318686026;-47,77913926494194;NOITE (VIA NÃO ILUMINADA);SECA;DUPLA;CAMINHAO;Rodovias;BOM;OESTE;Entre 90 e 100km/h;1;Até 30 dias
3069361;100919;6984;2020;2020/04/26;26;ABRIL;2020;2020.04;DOMINGO;21:30:00;NOITE;RIBEIRAO PRETO;Ribeirão Preto;SP 328;335,0;ESTADUAL;CONCESSIONÁRIA-ARTESP;ENTREVIAS;PUBLICO;-21,10625045077062;-47,80918392727402;LUZ SOLAR;SECA;DUPLA;AUTOMOVEL;Rodovias;BOM;SUL;Mais que 100km/h;1;Até 30 dias
3069328;100919;6964;2020;2020/04/25;25;ABRIL;2020;2020.04;SÁBADO;18:28:00;NOITE;RIBEIRAO PRETO;Ribeirão Preto;SP 334;319,29;ESTADUAL;CONCESSIONÁRIA-ARTESP;VIAPAULISTA;PUBLICO;-21,10820643567795;-47,77141016089182;NAO DISPONIVEL;NAO DISPONIVEL;NAO DISPONIVEL;AUTOMOVEL;Rodovias;NAO DISPONIVEL;NAO DISPONIVEL;NAO DISPONIVEL;1;Até 30 dias
3068888;100919;6237;2020;2020/03/17;17;MARÇO;2020;2020.03;TERÇA;16:20:00;TARDE;RIBEIRAO PRETO;Ribeirão Preto;SP 291;2,0;ESTADUAL;DER;DR08 - Ribeirão Preto;PUBLICO;-21,20582866874958;-47,89451494972782;NAO DISPONIVEL;NAO DISPONIVEL;NAO DISPONIVEL;CAMINHAO;Rodovias;NAO DISPONIVEL;NAO DISPONIVEL;NAO DISPONIVEL;1;Até 30 dias
3068745;100919;5532;2020;2020/03/09;9;MARÇO;2020;2020.03;SEGUNDA;04:00:00;MADRUGADA;RIBEIRAO PRETO;Ribeirão Preto;SP 328;330,1;ESTADUAL;CONCESSIONÁRIA-ARTESP;ENTREVIAS;PUBLICO;-21,12958067163683;-47,84910236864315;NOITE (VIA NÃO ILUMINADA);SECA;DUPLA;CAMINHAO;Rodovias;BOM;SUL;Mais que 100km/h;2;Até 30 dias
3068728;100919;5474;2020;2020/03/08;8;MARÇO;2020;2020.03;DOMINGO;05:23:00;MADRUGADA;RIBEIRAO PRETO;Ribeirão Preto;SP 330;315,05;ESTADUAL;CONCESSIONÁRIA-ARTESP;VIAPAULISTA;PUBLICO;-21,13924128603017;-47,762099771970085;LUZ SOLAR;SECA;DUPLA;AUTOMOVEL;Rodovias;BOM;NORTE;Entre 90 e 100km/h;1;Até 30 dias
3068512;100919;4031;2020;2020/02/19;19;FEVEREIRO;2020;2020.02;QUARTA;06:34:00;MANHA;RIBEIRAO PRETO;Ribeirão Preto;SP 333;55,0;ESTADUAL;CONCESSIONÁRIA-ARTESP;ENTREVIAS;PUBLICO;-21,20697851960712;-47,76090314269402;LUZ SOLAR;SECA;DUPLA;NÃO HÁ;Rodovias;BOM;SUL;Entre 60 e 69km/h;1;Até 30 dias
3068391;100919;3151;2020;2020/02/09;9;FEVEREIRO;2020;2020.02;DOMINGO;05:25:00;MADRUGADA;RIBEIRAO PRETO;Ribeirão Preto;SP 322;312,0;ESTADUAL;CONCESSIONÁRIA-ARTESP;ENTREVIAS;PUBLICO;-21,22216874173159;-47,79154503501302;NAO DISPONIVEL;NAO DISPONIVEL;NAO DISPONIVEL;AUTOMOVEL;Rodovias;NAO DISPONIVEL;NAO DISPONIVEL;NAO DISPONIVEL;3;Até 30 dias
3068282;100919;2604;2020;2020/02/02;2;FEVEREIRO;2020;2020.02;DOMINGO;19:58:00;NOITE;RIBEIRAO PRETO;Ribeirão Preto;SP 328;332,9;ESTADUAL;CONCESSIONÁRIA-ARTESP;ENTREVIAS;PUBLICO;-21,116320109644526;-47,82642035287761;NOITE (VIA NÃO ILUMINADA);SECA;DUPLA;NÃO HÁ;Rodovias;BOM;SUL;Mais que 100km/h;1;Até 30 dias
3068258;100919;2542;2020;2020/02/01;1;FEVEREIRO;2020;2020.02;SÁBADO;19:10:00;NOITE;RIBEIRAO PRETO;Ribeirão Preto;SP 322;315,0;ESTADUAL;CONCESSIONÁRIA-ARTESP;ENTREVIAS;PUBLICO;-21,222297214910537;-47,8195782766708;NOITE (VIA NÃO ILUMINADA);MOLHADA;DUPLA;AUTOMOVEL;Rodovias;CHUVA;OESTE;Entre 40 e 49km/h;1;Até 30 dias
3068040;100919;1087;2020;2020/01/14;14;JANEIRO;2020;2020.01;TERÇA;18:10:00;NOITE;RIBEIRAO PRETO;Ribeirão Preto;SP 322;312,3;ESTADUAL;CONCESSIONÁRIA-ARTESP;ENTREVIAS;PUBLICO;-21,222664538921855;-47,79436491359073;LUZ SOLAR;SECA;DUPLA;NÃO HÁ;Rodovias;BOM;LESTE;Entre 90 e 100km/h;1;Até 30 dias
3068030;100919;926;2020;2020/01/12;12;JANEIRO;2020;2020.01;DOMINGO;23:30:00;NOITE;RIBEIRAO PRETO;Ribeirão Preto;SP 322;312,0;ESTADUAL;CONCESSIONÁRIA-ARTESP;ENTREVIAS;PUBLICO;-21,22216874173159;-47,79154503501302;NAO DISPONIVEL;NAO DISPONIVEL;NAO DISPONIVEL;AUTOMOVEL;Rodovias;NAO DISPONIVEL;NAO DISPONIVEL;NAO DISPONIVEL;1;Até 30 dias
3068052;100919;1132;2020;2020/01/10;10;JANEIRO;2020;2020.01;SEXTA;08:30:00;MANHA;RIBEIRAO PRETO;Ribeirão Preto;SPA 325/322;5,549;ESTADUAL;CONCESSIONÁRIA-ARTESP;ENTREVIAS;PUBLICO;-21,178188;-47,82361;LUZ SOLAR;SECA;DUPLA;NÃO HÁ;Rodovias;BOM;LESTE;Entre 90 e 100km/h;1;Até 30 dias
3077231;100919;7556;2021;2021/12/23;23;DEZEMBRO;2021;2021.12;QUINTA;23:30:00;NOITE;RIBEIRAO PRETO;Ribeirão Preto;AVENIDA LUZITANA;130,0;MUNICIPAL;PREFEITURA;PREFEITURA;PUBLICO;-21,2032060566507;-47,8283812397624;NAO DISPONIVEL;NAO DISPONIVEL;NAO DISPONIVEL;AUTOMOVEL;Vias Municipais;NAO DISPONIVEL;NAO DISPONIVEL;NAO DISPONIVEL;1;Até 30 dias
3077214;100919;7517;2021;2021/12/22;22;DEZEMBRO;2021;2021.12;QUARTA;20:26:00;NOITE;RIBEIRAO PRETO;Ribeirão Preto;SP 330;307,0;ESTADUAL;CONCESSIONÁRIA-ARTESP;VIAPAULISTA;PUBLICO;-21,212447283008828;-47,75871860870884;NAO DISPONIVEL;NAO DISPONIVEL;NAO DISPONIVEL;CAMINHAO;Rodovias;NAO DISPONIVEL;NAO DISPONIVEL;NAO DISPONIVEL;1;Até 30 dias
3077175;100919;7443;2021;2021/12/21;21;DEZEMBRO;2021;2021.12;TERÇA;01:53:00;MADRUGADA;RIBEIRAO PRETO;Ribeirão Preto;SP 330;309,42;ESTADUAL;CONCESSIONÁRIA-ARTESP;VIAPAULISTA;PUBLICO;-21,190946704665823;-47,757581352079306;NAO DISPONIVEL;NAO DISPONIVEL;NAO DISPONIVEL;AUTOMOVEL;Rodovias;NAO DISPONIVEL;NAO DISPONIVEL;NAO DISPONIVEL;1;Até 30 dias
3077103;100919;7227;2021;2021/12/15;15;DEZEMBRO;2021;2021.12;QUARTA;06:20:00;MANHA;RIBEIRAO PRETO;Ribeirão Preto;AVENIDA PROFESSOR JOAO FIUSA;NAO DISPONIVEL;MUNICIPAL;PREFEITURA;PREFEITURA;PUBLICO;NAO DISPONIVEL;NAO DISPONIVEL;NAO DISPONIVEL;NAO DISPONIVEL;NAO DISPONIVEL;NÃO HÁ;Vias Municipais;NAO DISPONIVEL;NAO DISPONIVEL;NAO DISPONIVEL;1;Até 30 dias
3077048;100919;7144;2021;2021/12/11;11;DEZEMBRO;2021;2021.12;SÁBADO;21:20:00;NOITE;RIBEIRAO PRETO;Ribeirão Preto;AVENIDA MARECHAL COSTA E SILVA;3635,0;MUNICIPAL;PREFEITURA;PREFEITURA;PUBLICO;-21,1361209529091;-47,7968895708311;NOITE (VIA ILUMINADA);OLEOSA;SIMPLES;NÃO HÁ;Vias Municipais;BOM;LESTE;Entre 40 e 49km/h;1;Até 30 dias
3077034;100919;7089;2021;2021/12/10;10;DEZEMBRO;2021;2021.12;SEXTA;08:20:00;MANHA;RIBEIRAO PRETO;Ribeirão Preto;AVENIDA DOM PEDRO I;331,0;MUNICIPAL;PREFEITURA;PREFEITURA;PUBLICO;-21,158342837527403;-47,81638989358698;NAO DISPONIVEL;NAO DISPONIVEL;NAO DISPONIVEL;ONIBUS;Vias Municipais;NAO DISPONIVEL;NAO DISPONIVEL;NAO DISPONIVEL;1;Até 30 dias
3076849;100427;1494;2021;2021/11/27;27;NOVEMBRO;2021;2021.11;SÁBADO;09:40:00;MANHA;RIBEIRAO PRETO;Ribeirão Preto;SP 333;45,64;ESTADUAL;DER;DR08 - Ribeirão Preto;PUBLICO;-21,20639779354049;-47,74813089143834;LUZ SOLAR;SECA;SIMPLES;AUTOMOVEL;Rodovias;BOM;OESTE;Entre 40 e 49km/h;1;Até 30 dias
3076893;100919;6800;2021;2021/11/22;22;NOVEMBRO;2021;2021.11;SEGUNDA;20:00:00;NOITE;RIBEIRAO PRETO;Ribeirão Preto;NAO DISPONIVEL;NAO DISPONIVEL;NAO DISPONIVEL;NAO DISPONIVEL;NAO DISPONIVEL;NAO DISPONIVEL;NAO DISPONIVEL;NAO DISPONIVEL;NAO DISPONIVEL;NAO DISPONIVEL;NAO DISPONIVEL;AUTOMOVEL;NAO DISPONIVEL;NAO DISPONIVEL;NAO DISPONIVEL;NAO DISPONIVEL;1;Até 30 dias
3076688;100919;6278;2021;2021/11/14;14;NOVEMBRO;2021;2021.11;DOMINGO;06:14:00;MANHA;RIBEIRAO PRETO;Ribeirão Preto;SP 330;NAO DISPONIVEL;ESTADUAL;CONCESSIONÁRIA-ARTESP;NAO DISPONIVEL;PUBLICO;NAO DISPONIVEL;NAO DISPONIVEL;NAO DISPONIVEL;NAO DISPONIVEL;NAO DISPONIVEL;OUTROS;Rodovias;NAO DISPONIVEL;NAO DISPONIVEL;NAO DISPONIVEL;1;Até 30 dias
3076687;100919;6290;2021;2021/11/14;14;NOVEMBRO;2021;2021.11;DOMINGO;23:00:00;NOITE;RIBEIRAO PRETO;Ribeirão Preto;RUA RIO CLARO;1140,0;MUNICIPAL;PREFEITURA;PREFEITURA;PUBLICO;-21,129187677610293;-47,78510377680402;NAO DISPONIVEL;NAO DISPONIVEL;NAO DISPONIVEL;NÃO HÁ;Vias Municipais;NAO DISPONIVEL;NAO DISPONIVEL;NAO DISPONIVEL;1;Até 30 dias
3076667;100919;6266;2021;2021/11/13;13;NOVEMBRO;2021;2021.11;SÁBADO;21:00:00;NOITE;RIBEIRAO PRETO;Ribeirão Preto;AVENIDA BANDEIRANTES;NAO DISPONIVEL;MUNICIPAL;PREFEITURA;PREFEITURA;PUBLICO;NAO DISPONIVEL;NAO DISPONIVEL;NAO DISPONIVEL;NAO DISPONIVEL;NAO DISPONIVEL;AUTOMOVEL;Vias Municipais;NAO DISPONIVEL;NAO DISPONIVEL;NAO DISPONIVEL;1;Até 30 dias
3076575;100919;6069;2021;2021/11/06;6;NOVEMBRO;2021;2021.11;SÁBADO;02:00:00;MADRUGADA;RIBEIRAO PRETO;Ribeirão Preto;AVENIDA PRESIDENTE KENEDY;2305,0;MUNICIPAL;PREFEITURA;PREFEITURA;PUBLICO;-21,196471647012448;-47,76372847491053;NAO DISPONIVEL;NAO DISPONIVEL;NAO DISPONIVEL;AUTOMOVEL;Vias Municipais;NAO DISPONIVEL;NAO DISPONIVEL;NAO DISPONIVEL;1;Até 30 dias