ID;Id Delegacia (RDO);Número BO (RDO);Ano BO (RDO);Data do Acidente;Dia do Acidente;Mês do Acidente;Ano do Acidente;Ano/Mês do Acidente;Dia da semana;Hora do Acidente;Turno;Município;Região Administrativa;Logradouro;Numeral / KM;Jurisdição;Administração;Conservação;Tipo do Local do Acidente;Lat (GEO);Long (GEO);Iluminação da via (SIOPM);Superfície da Via (SIOPM);Tipo de pista (SIOPM);Outro Veículo Envolvido;Tipo de via;Condições Climáticas (SIOPM);Sentido da Via (SIOPM);Limite da velocidade da via (SIOPM);Quantidade de vítimas;Tempo entre o Acidente e as Mortes
3076529;100919;5981;2021;2021/11/03;3;NOVEMBRO;2021;2021.11;QUARTA;03:10:00;MADRUGADA;RIBEIRAO PRETO;Ribeirão Preto;AVENIDA PRESIDENTE KENEDY;2000,0;MUNICIPAL;PREFEITURA;PREFEITURA;PUBLICO;-21,199375755938856;-47,76585977481919;NAO DISPONIVEL;NAO DISPONIVEL;NAO DISPONIVEL;NÃO HÁ;Vias Municipais;NAO DISPONIVEL;NAO DISPONIVEL;NAO DISPONIVEL;1;Até 30 dias
3076557;100919;6026;2021;2021/11/03;3;NOVEMBRO;2021;2021.11;QUARTA;04:40:00;MADRUGADA;RIBEIRAO PRETO;Ribeirão Preto;RUA CARLOS APROBATO;NAO DISPONIVEL;MUNICIPAL;PREFEITURA;PREFEITURA;PUBLICO;NAO DISPONIVEL;NAO DISPONIVEL;NAO DISPONIVEL;NAO DISPONIVEL;NAO DISPONIVEL;MOTOCICLETA;Vias Municipais;NAO DISPONIVEL;NAO DISPONIVEL;NAO DISPONIVEL;1;Até 30 dias
3076444;100919;5955;2021;2021/11/02;2;NOVEMBRO;2021;2021.11;TERÇA;00:10:00;MADRUGADA;RIBEIRAO PRETO;Ribeirão Preto;SP 328;333,5;ESTADUAL;CONCESSIONÁRIA-ARTESP;ENTREVIAS;PUBLICO;-21,11346294531085;-47,82153039069344;NAO DISPONIVEL;NAO DISPONIVEL;NAO DISPONIVEL;CAMINHAO;Rodovias;NAO DISPONIVEL;NAO DISPONIVEL;NAO DISPONIVEL;1;Até 30 dias
3076474;100919;5911;2021;2021/10/30;30;OUTUBRO;2021;2021.10;SÁBADO;10:10:00;MANHA;RIBEIRAO PRETO;Ribeirão Preto;SP 322;317,0;ESTADUAL;CONCESSIONÁRIA-ARTESP;ENTREVIAS;PUBLICO;-21,215481300564065;-47,83742917514485;NAO DISPONIVEL;NAO DISPONIVEL;NAO DISPONIVEL;NÃO HÁ;Rodovias;NAO DISPONIVEL;NAO DISPONIVEL;NAO DISPONIVEL;1;Até 30 dias
3076353;100919;5658;2021;2021/10/17;17;OUTUBRO;2021;2021.10;DOMINGO;11:22:00;MANHA;RIBEIRAO PRETO;Ribeirão Preto;AVENIDA HENRY NESTLE;NAO DISPONIVEL;MUNICIPAL;PREFEITURA;PREFEITURA;PUBLICO;NAO DISPONIVEL;NAO DISPONIVEL;NAO DISPONIVEL;NAO DISPONIVEL;NAO DISPONIVEL;NAO DISPONIVEL;Vias Municipais;NAO DISPONIVEL;NAO DISPONIVEL;NAO DISPONIVEL;1;Até 30 dias
3076260;100919;5480;2021;2021/10/12;12;OUTUBRO;2021;2021.10;TERÇA;19:30:00;NOITE;RIBEIRAO PRETO;Ribeirão Preto;SP 328;332,0;ESTADUAL;CONCESSIONÁRIA-ARTESP;ENTREVIAS;PUBLICO;-21,120606822578473;-47,83375401936916;NAO DISPONIVEL;NAO DISPONIVEL;NAO DISPONIVEL;AUTOMOVEL;Rodovias;NAO DISPONIVEL;NAO DISPONIVEL;NAO DISPONIVEL;1;Até 30 dias
3076258;100919;5462;2021;2021/10/11;11;OUTUBRO;2021;2021.10;SEGUNDA;22:40:00;NOITE;RIBEIRAO PRETO;Ribeirão Preto;AVENIDA BANDEIRANTES;3900,0;MUNICIPAL;PREFEITURA;PREFEITURA;PUBLICO;-21,173128320776428;-47,858347328576606;NAO DISPONIVEL;NAO DISPONIVEL;NAO DISPONIVEL;NAO DISPONIVEL;Vias Municipais;NAO DISPONIVEL;NAO DISPONIVEL;NAO DISPONIVEL;1;Até 30 dias
3076253;100919;5421;2021;2021/10/10;10;OUTUBRO;2021;2021.10;DOMINGO;00:00:00;MADRUGADA;RIBEIRAO PRETO;Ribeirão Preto;SP 255;2,8;ESTADUAL;CONCESSIONÁRIA-ARTESP;VIAPAULISTA;PUBLICO;-21,26605553562009;-47,795515457672856;NAO DISPONIVEL;NAO DISPONIVEL;NAO DISPONIVEL;AUTOMOVEL;Rodovias;NAO DISPONIVEL;NAO DISPONIVEL;NAO DISPONIVEL;1;Até 30 dias
3076196;100919;5420;2021;2021/10/09;9;OUTUBRO;2021;2021.10;SÁBADO;22:15:00;NOITE;RIBEIRAO PRETO;Ribeirão Preto;SP 322;318,253;ESTADUAL;CONCESSIONÁRIA-ARTESP;ENTREVIAS;PUBLICO;-21,210655615544773;-47,848406444181755;NAO DISPONIVEL;NAO DISPONIVEL;NAO DISPONIVEL;NÃO HÁ;Rodovias;NAO DISPONIVEL;NAO DISPONIVEL;NAO DISPONIVEL;1;Até 30 dias
3076155;100919;5330;2021;2021/10/06;6;OUTUBRO;2021;2021.10;QUARTA;01:52:00;MADRUGADA;RIBEIRAO PRETO;Ribeirão Preto;RUA BERNARDINO DE CAMPOS;1000,0;MUNICIPAL;PREFEITURA;PREFEITURA;PUBLICO;-21,13906253000715;-47,8345985;NAO DISPONIVEL;NAO DISPONIVEL;NAO DISPONIVEL;NÃO HÁ;Vias Municipais;NAO DISPONIVEL;NAO DISPONIVEL;NAO DISPONIVEL;1;Até 30 dias
3076123;100919;5260;2021;2021/10/03;3;OUTUBRO;2021;2021.10;DOMINGO;05:40:00;MADRUGADA;RIBEIRAO PRETO;Ribeirão Preto;RUA ANTONIA MUGNATO MARINCEK;2000,0;MUNICIPAL;PREFEITURA;PREFEITURA;PUBLICO;-21,123718518349985;-47,7512251;NAO DISPONIVEL;NAO DISPONIVEL;NAO DISPONIVEL;NÃO HÁ;Vias Municipais;NAO DISPONIVEL;NAO DISPONIVEL;NAO DISPONIVEL;1;Até 30 dias
3076134;100919;5236;2021;2021/10/02;2;OUTUBRO;2021;2021.10;SÁBADO;08:10:00;MANHA;RIBEIRAO PRETO;Ribeirão Preto;AVENIDA BANDEIRANTES;1,0;MUNICIPAL;PREFEITURA;PREFEITURA;PUBLICO;-21,1661416;-47,8898314;NAO DISPONIVEL;NAO DISPONIVEL;NAO DISPONIVEL;NÃO HÁ;Vias Municipais;NAO DISPONIVEL;NAO DISPONIVEL;NAO DISPONIVEL;1;Até 30 dias
3076080;100919;5151;2021;2021/09/28;28;SETEMBRO;2021;2021.09;TERÇA;21:00:00;NOITE;RIBEIRAO PRETO;Ribeirão Preto;RUA ANTONIA MUGNATO MARINCEK;NAO DISPONIVEL;MUNICIPAL;PREFEITURA;PREFEITURA;PUBLICO;-21,123830223073927;-47,7514405685247;NAO DISPONIVEL;NAO DISPONIVEL;NAO DISPONIVEL;NÃO HÁ;Vias Municipais;NAO DISPONIVEL;NAO DISPONIVEL;NAO DISPONIVEL;1;Até 30 dias
3076000;100919;4953;2021;2021/09/20;20;SETEMBRO;2021;2021.09;SEGUNDA;05:16:00;MADRUGADA;RIBEIRAO PRETO;Ribeirão Preto;NAO DISPONIVEL;NAO DISPONIVEL;NAO DISPONIVEL;NAO DISPONIVEL;NAO DISPONIVEL;NAO DISPONIVEL;NAO DISPONIVEL;NAO DISPONIVEL;NAO DISPONIVEL;NAO DISPONIVEL;NAO DISPONIVEL;NAO DISPONIVEL;NAO DISPONIVEL;NAO DISPONIVEL;NAO DISPONIVEL;NAO DISPONIVEL;1;Até 30 dias
3075858;100919;4661;2021;2021/09/07;7;SETEMBRO;2021;2021.09;TERÇA;12:54:00;TARDE;RIBEIRAO PRETO;Ribeirão Preto;AVENIDA NOVE DE JULHO;2100,0;MUNICIPAL;PREFEITURA;PREFEITURA;PUBLICO;-21,19290809710231;-47,80052498285701;NAO DISPONIVEL;NAO DISPONIVEL;NAO DISPONIVEL;AUTOMOVEL;Vias Municipais;NAO DISPONIVEL;NAO DISPONIVEL;NAO DISPONIVEL;1;Até 30 dias
3075761;100919;4571;2021;2021/09/03;3;SETEMBRO;2021;2021.09;SEXTA;02:00:00;MADRUGADA;RIBEIRAO PRETO;Ribeirão Preto;AVENIDA JOSE DE LAURENTIS;24,0;MUNICIPAL;PREFEITURA;PREFEITURA;PUBLICO;-21,1225128732631;-47,8057948365789;NAO DISPONIVEL;NAO DISPONIVEL;NAO DISPONIVEL;NÃO HÁ;Vias Municipais;NAO DISPONIVEL;NAO DISPONIVEL;NAO DISPONIVEL;1;Até 30 dias
3075760;100919;4594;2021;2021/09/03;3;SETEMBRO;2021;2021.09;SEXTA;20:34:00;NOITE;RIBEIRAO PRETO;Ribeirão Preto;SP 255;10,1;ESTADUAL;CONCESSIONÁRIA-ARTESP;VIAPAULISTA;PUBLICO;-21,278741450270736;-47,804600248399126;NOITE (VIA NÃO ILUMINADA);SECA;DUPLA;AUTOMOVEL;Rodovias;BOM;SUL;Mais que 100km/h;1;Até 30 dias
3075664;100919;4378;2021;2021/08/26;26;AGOSTO;2021;2021.08;QUINTA;06:30:00;MANHA;RIBEIRAO PRETO;Ribeirão Preto;SP 330;313,0;ESTADUAL;CONCESSIONÁRIA-ARTESP;VIAPAULISTA;PUBLICO;-21,15750165780579;-47,756571693316175;LUZ SOLAR;SECA;DUPLA;AUTOMOVEL;Rodovias;BOM;SUL;Entre 90 e 100km/h;2;Até 30 dias
3075577;100919;4280;2021;2021/08/21;21;AGOSTO;2021;2021.08;SÁBADO;23:53:00;NOITE;RIBEIRAO PRETO;Ribeirão Preto;AVENIDA MARECHAL COSTA E SILVA;NAO DISPONIVEL;MUNICIPAL;PREFEITURA;PREFEITURA;PUBLICO;NAO DISPONIVEL;NAO DISPONIVEL;NAO DISPONIVEL;NAO DISPONIVEL;NAO DISPONIVEL;CAMINHAO;Vias Municipais;NAO DISPONIVEL;NAO DISPONIVEL;NAO DISPONIVEL;1;Até 30 dias
3075558;100919;4230;2021;2021/08/19;19;AGOSTO;2021;2021.08;QUINTA;16:25:00;TARDE;RIBEIRAO PRETO;Ribeirão Preto;AVENIDA CARLOS DRUMOND DE ANDRADE;2001,0;MUNICIPAL;PREFEITURA;PREFEITURA;PUBLICO;-21,14853548486194;-47,7609703;NAO DISPONIVEL;NAO DISPONIVEL;NAO DISPONIVEL;OUTROS;Vias Municipais;NAO DISPONIVEL;NAO DISPONIVEL;NAO DISPONIVEL;1;Até 30 dias
3075510;100919;4137;2021;2021/08/15;15;AGOSTO;2021;2021.08;DOMINGO;19:00:00;NOITE;RIBEIRAO PRETO;Ribeirão Preto;AVENIDA PRESIDENTE JOAO GOULARTE;1400,0;MUNICIPAL;PREFEITURA;PREFEITURA;PUBLICO;-21,123367353423696;-47,819723357672856;LUZ SOLAR;SECA;DUPLA;AUTOMOVEL;Vias Municipais;BOM;INTERNO;Entre 40 e 49km/h;1;Até 30 dias
3075457;100919;4069;2021;2021/08/13;13;AGOSTO;2021;2021.08;SEXTA;01:40:00;MADRUGADA;RIBEIRAO PRETO;Ribeirão Preto;SP 322;325,8;ESTADUAL;CONCESSIONÁRIA-ARTESP;ENTREVIAS;PUBLICO;-21,16767117709006;-47,89967897710884;NOITE (VIA NÃO ILUMINADA);SECA;DUPLA;NAO DISPONIVEL;Rodovias;BOM;OESTE;Mais que 100km/h;1;Até 30 dias
3075456;100919;4089;2021;2021/08/13;13;AGOSTO;2021;2021.08;SEXTA;13:25:00;TARDE;RIBEIRAO PRETO;Ribeirão Preto;RUA ANTONIO MILENA;NAO DISPONIVEL;MUNICIPAL;PREFEITURA;PREFEITURA;PUBLICO;NAO DISPONIVEL;NAO DISPONIVEL;LUZ SOLAR;SECA;SIMPLES;MOTOCICLETA;Vias Municipais;BOM;EXTERNO;Entre 40 e 49km/h;1;Até 30 dias
3075447;100919;4037;2021;2021/08/11;11;AGOSTO;2021;2021.08;QUARTA;16:00:00;TARDE;RIBEIRAO PRETO;Ribeirão Preto;RUA MARIA TERESA BRAGA CERRI;624,0;MUNICIPAL;PREFEITURA;PREFEITURA;PUBLICO;-21,142952050465812;-47,835576215345704;LUZ SOLAR;SECA;SIMPLES;CAMINHAO;Vias Municipais;BOM;EXTERNO;Entre 50 e 59km/h;1;Até 30 dias
3075440;100919;4016;2021;2021/08/10;10;AGOSTO;2021;2021.08;TERÇA;16:05:00;TARDE;RIBEIRAO PRETO;Ribeirão Preto;RUA MANAUS;1338,0;MUNICIPAL;PREFEITURA;PREFEITURA;PRIVADO;-21,14021553175;-47,807818566125;NOITE (VIA ILUMINADA);SECA;SIMPLES;AUTOMOVEL;Vias Municipais;BOM;EXTERNO;Entre 30 e 39km/h;1;Até 30 dias
3075368;100919;3931;2021;2021/08/06;6;AGOSTO;2021;2021.08;SEXTA;18:55:00;NOITE;RIBEIRAO PRETO;Ribeirão Preto;AVENIDA PARANAPANEMA;1074,0;MUNICIPAL;PREFEITURA;PREFEITURA;PUBLICO;-21,1596668929322;-47,8348037018305;NOITE (VIA ILUMINADA);SECA;SIMPLES;AUTOMOVEL;Vias Municipais;BOM;OESTE;Entre 40 e 49km/h;1;Até 30 dias
3075328;100919;3830;2021;2021/08/02;2;AGOSTO;2021;2021.08;SEGUNDA;18:43:00;NOITE;RIBEIRAO PRETO;Ribeirão Preto;RUA LUIS BARRETO;1157,0;MUNICIPAL;PREFEITURA;PREFEITURA;PUBLICO;-21,1555825023269;-47,8023264498654;NAO DISPONIVEL;NAO DISPONIVEL;NAO DISPONIVEL;MOTOCICLETA;Vias Municipais;NAO DISPONIVEL;NAO DISPONIVEL;NAO DISPONIVEL;1;Até 30 dias
3075311;100919;3807;2021;2021/08/01;1;AGOSTO;2021;2021.08;DOMINGO;NAO DISPONIVEL;NAO DISPONIVEL;RIBEIRAO PRETO;Ribeirão Preto;NAO DISPONIVEL;NAO DISPONIVEL;NAO DISPONIVEL;NAO DISPONIVEL;NAO DISPONIVEL;NAO DISPONIVEL;NAO DISPONIVEL;NAO DISPONIVEL;NAO DISPONIVEL;NAO DISPONIVEL;NAO DISPONIVEL;NÃO HÁ;NAO DISPONIVEL;NAO DISPONIVEL;NAO DISPONIVEL;NAO DISPONIVEL;1;Até 30 dias
3075301;100919;3795;2021;2021/07/31;31;JULHO;2021;2021.07;SÁBADO;21:54:00;NOITE;RIBEIRAO PRETO;Ribeirão Preto;RUA PEDRO BARBIERE;200,0;MUNICIPAL;PREFEITURA;PREFEITURA;PUBLICO;-21,1845060831999;-47,7516655064666;NOITE (VIA ILUMINADA);SECA;DUPLA;AUTOMOVEL;Vias Municipais;BOM;OESTE;Menos de 10km/h;1;Até 30 dias
3075270;100919;3746;2021;2021/07/29;29;JULHO;2021;2021.07;QUINTA;14:00:00;TARDE;RIBEIRAO PRETO;Ribeirão Preto;AVENIDA DOUTOR CELSO CHARURI;NAO DISPONIVEL;MUNICIPAL;PREFEITURA;PREFEITURA;PUBLICO;NAO DISPONIVEL;NAO DISPONIVEL;NAO DISPONIVEL;NAO DISPONIVEL;NAO DISPONIVEL;AUTOMOVEL;Vias Municipais;NAO DISPONIVEL;NAO DISPONIVEL;NAO DISPONIVEL;1;Até 30 dias
3075205;100919;3666;2021;2021/07/25;25;JULHO;2021;2021.07;DOMINGO;16:59:00;TARDE;RIBEIRAO PRETO;Ribeirão Preto;AVENIDA PROFESSORA DINA RIZI;NAO DISPONIVEL;MUNICIPAL;PREFEITURA;PREFEITURA;PUBLICO;-21,162979;-47,742044;NAO DISPONIVEL;NAO DISPONIVEL;NAO DISPONIVEL;NÃO HÁ;Vias Municipais;NAO DISPONIVEL;NAO DISPONIVEL;NAO DISPONIVEL;1;Até 30 dias
3075028;100919;3370;2021;2021/07/10;10;JULHO;2021;2021.07;SÁBADO;01:35:00;MADRUGADA;RIBEIRAO PRETO;Ribeirão Preto;SP 328;332,5;ESTADUAL;CONCESSIONÁRIA-ARTESP;ENTREVIAS;PUBLICO;-21,118224959839974;-47,82967961253209;NOITE (VIA NÃO ILUMINADA);SECA;DUPLA;NAO DISPONIVEL;Rodovias;BOM;NORTE;Mais que 100km/h;1;Até 30 dias
3075042;100919;3414;2021;2021/07/10;10;JULHO;2021;2021.07;SÁBADO;20:00:00;NOITE;RIBEIRAO PRETO;Ribeirão Preto;AVENIDA RIO PARDO;2670,0;MUNICIPAL;PREFEITURA;PREFEITURA;PUBLICO;-21,1483788416;-47,8305288595;NAO DISPONIVEL;NAO DISPONIVEL;NAO DISPONIVEL;NAO DISPONIVEL;Vias Municipais;NAO DISPONIVEL;NAO DISPONIVEL;NAO DISPONIVEL;1;Até 30 dias
3075002;100919;3361;2021;2021/07/08;8;JULHO;2021;2021.07;QUINTA;19:15:00;NOITE;RIBEIRAO PRETO;Ribeirão Preto;RUA ETTORE E AURORA CORAUCCI;440,0;MUNICIPAL;PREFEITURA;PREFEITURA;PUBLICO;-21,13000119906051;-47,8368074;NOITE (VIA ILUMINADA);SECA;SIMPLES;NÃO HÁ;Vias Municipais;BOM;INTERNO;Entre 40 e 49km/h;1;Até 30 dias
3074992;100919;3335;2021;2021/07/07;7;JULHO;2021;2021.07;QUARTA;05:00:00;MADRUGADA;RIBEIRAO PRETO;Ribeirão Preto;RUA ANGELO BELONI;567,0;MUNICIPAL;PREFEITURA;PREFEITURA;PUBLICO;-21,177777787531568;-47,782447042327135;LUZ SOLAR;SECA;SIMPLES;NAO DISPONIVEL;Vias Municipais;BOM;SUL;Entre 40 e 49km/h;1;Até 30 dias
3074940;100919;3287;2021;2021/07/04;4;JULHO;2021;2021.07;DOMINGO;23:40:00;NOITE;RIBEIRAO PRETO;Ribeirão Preto;RUA RIO XINGU;555,0;MUNICIPAL;PREFEITURA;PREFEITURA;PUBLICO;-21,14235915061046;-47,808905974873554;NAO DISPONIVEL;NAO DISPONIVEL;NAO DISPONIVEL;AUTOMOVEL;Vias Municipais;NAO DISPONIVEL;NAO DISPONIVEL;NAO DISPONIVEL;1;Até 30 dias
3074859;100919;3173;2021;2021/06/28;28;JUNHO;2021;2021.06;SEGUNDA;08:00:00;MANHA;RIBEIRAO PRETO;Ribeirão Preto;AVENIDA EDUARDO ANDREIA MATARAZZO;NAO DISPONIVEL;MUNICIPAL;PREFEITURA;PREFEITURA;PUBLICO;NAO DISPONIVEL;NAO DISPONIVEL;LUZ SOLAR;SECA;DUPLA;NÃO HÁ;Vias Municipais;BOM;NORTE;Entre 60 e 69km/h;1;Até 30 dias
3074816;100919;3153;2021;2021/06/26;26;JUNHO;2021;2021.06;SÁBADO;23:18:00;NOITE;RIBEIRAO PRETO;Ribeirão Preto;AVENIDA MAURILIO BIAGI;2230,0;MUNICIPAL;PREFEITURA;PREFEITURA;PUBLICO;-21,2096136488273;-47,7837215181141;NAO DISPONIVEL;NAO DISPONIVEL;NAO DISPONIVEL;NÃO HÁ;Vias Municipais;NAO DISPONIVEL;NAO DISPONIVEL;NAO DISPONIVEL;1;Até 30 dias
3074798;100919;3090;2021;2021/06/23;23;JUNHO;2021;2021.06;QUARTA;19:29:00;NOITE;RIBEIRAO PRETO;Ribeirão Preto;AVENIDA JOSE ANTONIO FERRAREZI;200,0;MUNICIPAL;PREFEITURA;PREFEITURA;PUBLICO;-21,182609035309845;-47,73341108465428;NOITE (VIA ILUMINADA);SECA;DUPLA;AUTOMOVEL;Vias Municipais;BOM;INTERNO;Entre 60 e 69km/h;1;Até 30 dias
3074709;100919;2987;2021;2021/06/12;12;JUNHO;2021;2021.06;SÁBADO;20:09:00;NOITE;RIBEIRAO PRETO;Ribeirão Preto;SP 333;48,0;ESTADUAL;DER;DR08 - Ribeirão Preto;PUBLICO;-21,207911367125465;-47,69090655276308;NOITE (VIA NÃO ILUMINADA);SECA;DUPLA;NÃO HÁ;Rodovias;BOM;LESTE;Entre 90 e 100km/h;1;Até 30 dias
3074491;100919;2738;2021;2021/06/02;2;JUNHO;2021;2021.06;QUARTA;14:02:00;TARDE;RIBEIRAO PRETO;Ribeirão Preto;RUA PEDRO BARBIERE;977,0;MUNICIPAL;PREFEITURA;PREFEITURA;PUBLICO;-21,183749971151542;-47,747128473016;LUZ SOLAR;SECA;SIMPLES;NAO DISPONIVEL;Vias Municipais;BOM;SUL;Entre 30 e 39km/h;1;Até 30 dias
3074483;100919;2608;2021;2021/05/23;23;MAIO;2021;2021.05;DOMINGO;09:00:00;MANHA;RIBEIRAO PRETO;Ribeirão Preto;NAO DISPONIVEL;NAO DISPONIVEL;NAO DISPONIVEL;NAO DISPONIVEL;NAO DISPONIVEL;NAO DISPONIVEL;NAO DISPONIVEL;NAO DISPONIVEL;NAO DISPONIVEL;NAO DISPONIVEL;NAO DISPONIVEL;NAO DISPONIVEL;NAO DISPONIVEL;NAO DISPONIVEL;NAO DISPONIVEL;NAO DISPONIVEL;1;Até 30 dias
3074255;100919;2518;2021;2021/05/19;19;MAIO;2021;2021.05;QUARTA;07:30:00;MANHA;RIBEIRAO PRETO;Ribeirão Preto;AVENIDA TOMAS ALBERTO WHATELI;4221,0;MUNICIPAL;PREFEITURA;PREFEITURA;PUBLICO;-21,145850736731663;-47,768135871164;LUZ SOLAR;SECA;DUPLA;BICICLETA;Vias Municipais;BOM;NORTE;Entre 60 e 69km/h;1;Até 30 dias
3074167;100919;2373;2021;2021/05/11;11;MAIO;2021;2021.05;TERÇA;06:40:00;MANHA;RIBEIRAO PRETO;Ribeirão Preto;SP 330;307,52;ESTADUAL;CONCESSIONÁRIA-ARTESP;VIAPAULISTA;PUBLICO;-21,208714399594804;-47,75851713428123;LUZ SOLAR;SECA;DUPLA;NÃO HÁ;Rodovias;BOM;SUL;Entre 60 e 69km/h;1;Até 30 dias
3074157;100919;2367;2021;2021/05/10;10;MAIO;2021;2021.05;SEGUNDA;18:06:00;NOITE;RIBEIRAO PRETO;Ribeirão Preto;RUA BARAO DO BANANAL;1655,0;MUNICIPAL;PREFEITURA;PREFEITURA;PUBLICO;-21,183568582546023;-47,767808357671996;NAO DISPONIVEL;NAO DISPONIVEL;NAO DISPONIVEL;CAMINHAO;Vias Municipais;NAO DISPONIVEL;NAO DISPONIVEL;NAO DISPONIVEL;1;Até 30 dias
3074343;100919;2346;2021;2021/05/09;9;MAIO;2021;2021.05;DOMINGO;17:30:00;TARDE;RIBEIRAO PRETO;Ribeirão Preto;AVENIDA ANGELO GENNARO GALLO;805,0;MUNICIPAL;PREFEITURA;PREFEITURA;PUBLICO;-21,2213814419999;-47,829347014;LUZ SOLAR;SECA;DUPLA;NÃO HÁ;Vias Municipais;BOM;EXTERNO;Entre 60 e 69km/h;1;Até 30 dias
3074076;100919;2223;2021;2021/05/01;1;MAIO;2021;2021.05;SÁBADO;18:07:00;NOITE;RIBEIRAO PRETO;Ribeirão Preto;SP 291;1,15;ESTADUAL;DER;DR08 - Ribeirão Preto;PUBLICO;-21,202846771379633;-47,886937635199516;NOITE (VIA NÃO ILUMINADA);SECA;SIMPLES;AUTOMOVEL;Rodovias;BOM;SUL;Entre 90 e 100km/h;2;Até 30 dias
3074016;100919;2108;2021;2021/04/25;25;ABRIL;2021;2021.04;DOMINGO;16:59:00;TARDE;RIBEIRAO PRETO;Ribeirão Preto;RUA JAVARI;725,0;MUNICIPAL;PREFEITURA;PREFEITURA;PUBLICO;-21,1520535943513;-47,8331539448378;NAO DISPONIVEL;NAO DISPONIVEL;NAO DISPONIVEL;AUTOMOVEL;Vias Municipais;NAO DISPONIVEL;NAO DISPONIVEL;NAO DISPONIVEL;1;Até 30 dias
3073952;100919;1923;2021;2021/04/15;15;ABRIL;2021;2021.04;QUINTA;18:30:00;NOITE;RIBEIRAO PRETO;Ribeirão Preto;SP 322;330,8;ESTADUAL;CONCESSIONÁRIA-ARTESP;ENTREVIAS;PUBLICO;-21,16320134516023;-47,94508504847178;NOITE (VIA NÃO ILUMINADA);SECA;DUPLA;CAMINHAO;Rodovias;BOM;SUL;Entre 90 e 100km/h;1;Até 30 dias
3073935;100919;1896;2021;2021/04/14;14;ABRIL;2021;2021.04;QUARTA;04:02:00;MADRUGADA;RIBEIRAO PRETO;Ribeirão Preto;VIA EXPRESSA NORTE;2320,0;MUNICIPAL;PREFEITURA;PREFEITURA;PUBLICO;-21,143307760974;-47,8021924398133;NOITE (VIA ILUMINADA);SECA;DUPLA;NÃO HÁ;Vias Municipais;BOM;NORTE;Entre 60 e 69km/h;1;Até 30 dias
3073925;100919;1898;2021;2021/04/13;13;ABRIL;2021;2021.04;TERÇA;11:00:00;MANHA;RIBEIRAO PRETO;Ribeirão Preto;NAO DISPONIVEL;NAO DISPONIVEL;NAO DISPONIVEL;NAO DISPONIVEL;NAO DISPONIVEL;NAO DISPONIVEL;NAO DISPONIVEL;NAO DISPONIVEL;NAO DISPONIVEL;NAO DISPONIVEL;NAO DISPONIVEL;NAO DISPONIVEL;NAO DISPONIVEL;NAO DISPONIVEL;NAO DISPONIVEL;NAO DISPONIVEL;1;Até 30 dias
3073730;100919;1699;2021;2021/04/02;2;ABRIL;2021;2021.04;SEXTA;18:40:00;NOITE;RIBEIRAO PRETO;Ribeirão Preto;AVENIDA RENE OLIVA STRANG;642,0;MUNICIPAL;PREFEITURA;PREFEITURA;PUBLICO;-21,1489933136747;-47,848606250265;NOITE (VIA ILUMINADA);SECA;DUPLA;NÃO HÁ;Vias Municipais;BOM;EXTERNO;Entre 60 e 69km/h;1;Até 30 dias