ID;Id Delegacia (RDO);Número BO (RDO);Ano BO (RDO);Data do Acidente;Dia do Acidente;Mês do Acidente;Ano do Acidente;Ano/Mês do Acidente;Dia da semana;Hora do Acidente;Turno;Município;Região Administrativa;Logradouro;Numeral / KM;Jurisdição;Administração;Conservação;Tipo do Local do Acidente;Lat (GEO);Long (GEO);Iluminação da via (SIOPM);Superfície da Via (SIOPM);Tipo de pista (SIOPM);Outro Veículo Envolvido;Tipo de via;Condições Climáticas (SIOPM);Sentido da Via (SIOPM);Limite da velocidade da via (SIOPM);Quantidade de vítimas;Tempo entre o Acidente e as Mortes
3073668;100919;1664;2021;2021/03/31;31;MARÇO;2021;2021.03;QUARTA;08:40:00;MANHA;RIBEIRAO PRETO;Ribeirão Preto;RUA ESPIRITO SANTO;2181,0;MUNICIPAL;PREFEITURA;PREFEITURA;PUBLICO;-21,1494227262162;-47,8145583742702;LUZ SOLAR;SECA;SIMPLES;MOTOCICLETA;Vias Municipais;BOM;SUL;Entre 40 e 49km/h;1;Até 30 dias
3073470;100919;1284;2021;2021/03/10;10;MARÇO;2021;2021.03;QUARTA;NAO DISPONIVEL;NAO DISPONIVEL;RIBEIRAO PRETO;Ribeirão Preto;NAO DISPONIVEL;NAO DISPONIVEL;NAO DISPONIVEL;NAO DISPONIVEL;NAO DISPONIVEL;NAO DISPONIVEL;NAO DISPONIVEL;NAO DISPONIVEL;NAO DISPONIVEL;NAO DISPONIVEL;NAO DISPONIVEL;NAO DISPONIVEL;NAO DISPONIVEL;NAO DISPONIVEL;NAO DISPONIVEL;NAO DISPONIVEL;1;Até 30 dias
3073443;100919;1251;2021;2021/03/09;9;MARÇO;2021;2021.03;TERÇA;01:20:00;MADRUGADA;RIBEIRAO PRETO;Ribeirão Preto;SP 322;315,3;ESTADUAL;CONCESSIONÁRIA-ARTESP;ENTREVIAS;PUBLICO;-21,221504814355278;-47,82233788105945;NOITE (VIA NÃO ILUMINADA);SECA;DUPLA;AUTOMOVEL;Rodovias;BOM;OESTE;Entre 90 e 100km/h;1;Até 30 dias
3073361;100919;1146;2021;2021/03/03;3;MARÇO;2021;2021.03;QUARTA;01:45:00;MADRUGADA;RIBEIRAO PRETO;Ribeirão Preto;SP 330;301,1;ESTADUAL;CONCESSIONÁRIA-ARTESP;VIAPAULISTA;PUBLICO;-21,266210011908527;-47,75591611029935;NAO DISPONIVEL;NAO DISPONIVEL;NAO DISPONIVEL;CAMINHAO;Rodovias;NAO DISPONIVEL;NAO DISPONIVEL;NAO DISPONIVEL;1;Até 30 dias
3073354;100919;1128;2021;2021/03/02;2;MARÇO;2021;2021.03;TERÇA;07:24:00;MANHA;RIBEIRAO PRETO;Ribeirão Preto;RUA ABILIO SAMPAIO;810,0;MUNICIPAL;PREFEITURA;PREFEITURA;PUBLICO;-21,1889392371025;-47,8260792252564;NAO DISPONIVEL;NAO DISPONIVEL;NAO DISPONIVEL;NÃO HÁ;Vias Municipais;NAO DISPONIVEL;NAO DISPONIVEL;NAO DISPONIVEL;1;Até 30 dias
3073254;100919;965;2021;2021/02/22;22;FEVEREIRO;2021;2021.02;SEGUNDA;19:31:00;NOITE;RIBEIRAO PRETO;Ribeirão Preto;SP 330;322,0;ESTADUAL;CONCESSIONÁRIA-ARTESP;ENTREVIAS;PUBLICO;-21,08610111534472;-47,799459527510955;NOITE (VIA NÃO ILUMINADA);SECA;DUPLA;CAMINHAO;Rodovias;BOM;SUL;Mais que 100km/h;1;Até 30 dias
3073245;100919;977;2021;2021/02/22;22;FEVEREIRO;2021;2021.02;SEGUNDA;07:26:00;MANHA;RIBEIRAO PRETO;Ribeirão Preto;SP 322;308,0;ESTADUAL;CONCESSIONÁRIA-ARTESP;ENTREVIAS;PUBLICO;-21,206778406280712;-47,760852120270826;NAO DISPONIVEL;NAO DISPONIVEL;NAO DISPONIVEL;CAMINHAO;Rodovias;NAO DISPONIVEL;NAO DISPONIVEL;NAO DISPONIVEL;1;Até 30 dias
3073219;100919;945;2021;2021/02/21;21;FEVEREIRO;2021;2021.02;DOMINGO;03:19:00;MADRUGADA;RIBEIRAO PRETO;Ribeirão Preto;AVENIDA EDUARDO ANDREIA MATARAZZO;1000,0;MUNICIPAL;PREFEITURA;PREFEITURA;PUBLICO;-21,1527384333714;-47,8094102937714;NAO DISPONIVEL;NAO DISPONIVEL;NAO DISPONIVEL;AUTOMOVEL;Vias Municipais;NAO DISPONIVEL;NAO DISPONIVEL;NAO DISPONIVEL;1;Até 30 dias
3073256;100919;966;2021;2021/02/21;21;FEVEREIRO;2021;2021.02;DOMINGO;20:20:00;NOITE;RIBEIRAO PRETO;Ribeirão Preto;SP 330;311,9;ESTADUAL;CONCESSIONÁRIA-ARTESP;VIAPAULISTA;PUBLICO;-21,167775283906778;-47,756363678693006;NAO DISPONIVEL;NAO DISPONIVEL;NAO DISPONIVEL;NÃO HÁ;Rodovias;NAO DISPONIVEL;NAO DISPONIVEL;NAO DISPONIVEL;1;Até 30 dias
3073236;100919;915;2021;2021/02/19;19;FEVEREIRO;2021;2021.02;SEXTA;18:30:00;NOITE;RIBEIRAO PRETO;Ribeirão Preto;AVENIDA MONTEIRO LOBATO;1335,0;MUNICIPAL;PREFEITURA;PREFEITURA;PUBLICO;-21,189940067444777;-47,8364188;NAO DISPONIVEL;NAO DISPONIVEL;NAO DISPONIVEL;NÃO HÁ;Vias Municipais;NAO DISPONIVEL;NAO DISPONIVEL;NAO DISPONIVEL;1;Até 30 dias
3073075;100919;709;2021;2021/02/07;7;FEVEREIRO;2021;2021.02;DOMINGO;20:20:00;NOITE;RIBEIRAO PRETO;Ribeirão Preto;SP 328;325,0;ESTADUAL;CONCESSIONÁRIA-ARTESP;ENTREVIAS;PUBLICO;-21,15323781888746;-47,88956782600012;NOITE (VIA NÃO ILUMINADA);SECA;DUPLA;AUTOMOVEL;Rodovias;BOM;SUL;Mais que 100km/h;2;Até 30 dias
3073170;100919;864;2021;2021/02/05;5;FEVEREIRO;2021;2021.02;SEXTA;23:25:00;NOITE;RIBEIRAO PRETO;Ribeirão Preto;RUA ANITA BELOUBE;291,0;MUNICIPAL;PREFEITURA;PREFEITURA;PUBLICO;-21,120128973790102;-47,79005225767285;NOITE (VIA ILUMINADA);MOLHADA;DUPLA;AUTOMOVEL;Vias Municipais;CHUVA;NORTE;Entre 40 e 49km/h;1;Até 30 dias
3072972;100919;587;2021;2021/02/01;1;FEVEREIRO;2021;2021.02;SEGUNDA;14:40:00;TARDE;RIBEIRAO PRETO;Ribeirão Preto;RUA MARCOS MARKARIAN;2240,0;MUNICIPAL;PREFEITURA;PREFEITURA;PUBLICO;-21,2181234679999;-47,826643824;NAO DISPONIVEL;NAO DISPONIVEL;NAO DISPONIVEL;CAMINHAO;Vias Municipais;NAO DISPONIVEL;NAO DISPONIVEL;NAO DISPONIVEL;1;Até 30 dias
3072844;100919;390;2021;2021/01/22;22;JANEIRO;2021;2021.01;SEXTA;21:58:00;NOITE;RIBEIRAO PRETO;Ribeirão Preto;AVENIDA JOAO BATISTA DUARTE;NAO DISPONIVEL;MUNICIPAL;PREFEITURA;PREFEITURA;PUBLICO;NAO DISPONIVEL;NAO DISPONIVEL;NOITE (VIA ILUMINADA);SECA;DUPLA;OUTROS;Vias Municipais;BOM;NORTE;Entre 40 e 49km/h;1;Até 30 dias
3072661;100919;91;2021;2021/01/05;5;JANEIRO;2021;2021.01;TERÇA;14:00:00;TARDE;RIBEIRAO PRETO;Ribeirão Preto;AVENIDA GUIDO GOLFETO;NAO DISPONIVEL;MUNICIPAL;PREFEITURA;PREFEITURA;PUBLICO;NAO DISPONIVEL;NAO DISPONIVEL;LUZ SOLAR;SECA;DUPLA;AUTOMOVEL;Vias Municipais;BOM;EXTERNO;Entre 30 e 39km/h;1;Até 30 dias
3074222;100922;500;2021;2020/04/25;25;ABRIL;2020;2020.04;SÁBADO;18:30:00;NOITE;RIBEIRAO PRETO;Ribeirão Preto;AVENIDA TOMAS ALBERTO WHATELI;3451,0;MUNICIPAL;PREFEITURA;PREFEITURA;PUBLICO;-21,144309486083866;-47,773533446032005;NOITE (VIA NÃO ILUMINADA);SECA;DUPLA;MOTOCICLETA;Vias Municipais;BOM;LESTE;Entre 70 e 79km/h;1;Até 30 dias
3077214;100919;7517;2021;2021/12/22;22;DEZEMBRO;2021;2021.12;QUARTA;20:26:00;NOITE;RIBEIRAO PRETO;Ribeirão Preto;SP 330;307,0;ESTADUAL;CONCESSIONÁRIA-ARTESP;VIAPAULISTA;PUBLICO;-21,212447283008828;-47,75871860870884;NAO DISPONIVEL;NAO DISPONIVEL;NAO DISPONIVEL;CAMINHAO;Rodovias;NAO DISPONIVEL;NAO DISPONIVEL;NAO DISPONIVEL;1;Até 30 dias
3077175;100919;7443;2021;2021/12/21;21;DEZEMBRO;2021;2021.12;TERÇA;01:53:00;MADRUGADA;RIBEIRAO PRETO;Ribeirão Preto;SP 330;309,42;ESTADUAL;CONCESSIONÁRIA-ARTESP;VIAPAULISTA;PUBLICO;-21,190946704665823;-47,757581352079306;NAO DISPONIVEL;NAO DISPONIVEL;NAO DISPONIVEL;AUTOMOVEL;Rodovias;NAO DISPONIVEL;NAO DISPONIVEL;NAO DISPONIVEL;1;Até 30 dias
3076849;100427;1494;2021;2021/11/27;27;NOVEMBRO;2021;2021.11;SÁBADO;09:40:00;MANHA;RIBEIRAO PRETO;Ribeirão Preto;SP 333;45,64;ESTADUAL;DER;DR08 - Ribeirão Preto;PUBLICO;-21,20639779354049;-47,74813089143834;LUZ SOLAR;SECA;SIMPLES;AUTOMOVEL;Rodovias;BOM;OESTE;Entre 40 e 49km/h;1;Até 30 dias
3076688;100919;6278;2021;2021/11/14;14;NOVEMBRO;2021;2021.11;DOMINGO;06:14:00;MANHA;RIBEIRAO PRETO;Ribeirão Preto;SP 330;NAO DISPONIVEL;ESTADUAL;CONCESSIONÁRIA-ARTESP;NAO DISPONIVEL;PUBLICO;NAO DISPONIVEL;NAO DISPONIVEL;NAO DISPONIVEL;NAO DISPONIVEL;NAO DISPONIVEL;OUTROS;Rodovias;NAO DISPONIVEL;NAO DISPONIVEL;NAO DISPONIVEL;1;Até 30 dias
3076444;100919;5955;2021;2021/11/02;2;NOVEMBRO;2021;2021.11;TERÇA;00:10:00;MADRUGADA;RIBEIRAO PRETO;Ribeirão Preto;SP 328;333,5;ESTADUAL;CONCESSIONÁRIA-ARTESP;ENTREVIAS;PUBLICO;-21,11346294531085;-47,82153039069344;NAO DISPONIVEL;NAO DISPONIVEL;NAO DISPONIVEL;CAMINHAO;Rodovias;NAO DISPONIVEL;NAO DISPONIVEL;NAO DISPONIVEL;1;Até 30 dias
3076474;100919;5911;2021;2021/10/30;30;OUTUBRO;2021;2021.10;SÁBADO;10:10:00;MANHA;RIBEIRAO PRETO;Ribeirão Preto;SP 322;317,0;ESTADUAL;CONCESSIONÁRIA-ARTESP;ENTREVIAS;PUBLICO;-21,215481300564065;-47,83742917514485;NAO DISPONIVEL;NAO DISPONIVEL;NAO DISPONIVEL;NÃO HÁ;Rodovias;NAO DISPONIVEL;NAO DISPONIVEL;NAO DISPONIVEL;1;Até 30 dias
3076260;100919;5480;2021;2021/10/12;12;OUTUBRO;2021;2021.10;TERÇA;19:30:00;NOITE;RIBEIRAO PRETO;Ribeirão Preto;SP 328;332,0;ESTADUAL;CONCESSIONÁRIA-ARTESP;ENTREVIAS;PUBLICO;-21,120606822578473;-47,83375401936916;NAO DISPONIVEL;NAO DISPONIVEL;NAO DISPONIVEL;AUTOMOVEL;Rodovias;NAO DISPONIVEL;NAO DISPONIVEL;NAO DISPONIVEL;1;Até 30 dias
3076253;100919;5421;2021;2021/10/10;10;OUTUBRO;2021;2021.10;DOMINGO;00:00:00;MADRUGADA;RIBEIRAO PRETO;Ribeirão Preto;SP 255;2,8;ESTADUAL;CONCESSIONÁRIA-ARTESP;VIAPAULISTA;PUBLICO;-21,26605553562009;-47,795515457672856;NAO DISPONIVEL;NAO DISPONIVEL;NAO DISPONIVEL;AUTOMOVEL;Rodovias;NAO DISPONIVEL;NAO DISPONIVEL;NAO DISPONIVEL;1;Até 30 dias
3076196;100919;5420;2021;2021/10/09;9;OUTUBRO;2021;2021.10;SÁBADO;22:15:00;NOITE;RIBEIRAO PRETO;Ribeirão Preto;SP 322;318,253;ESTADUAL;CONCESSIONÁRIA-ARTESP;ENTREVIAS;PUBLICO;-21,210655615544773;-47,848406444181755;NAO DISPONIVEL;NAO DISPONIVEL;NAO DISPONIVEL;NÃO HÁ;Rodovias;NAO DISPONIVEL;NAO DISPONIVEL;NAO DISPONIVEL;1;Até 30 dias
3075760;100919;4594;2021;2021/09/03;3;SETEMBRO;2021;2021.09;SEXTA;20:34:00;NOITE;RIBEIRAO PRETO;Ribeirão Preto;SP 255;10,1;ESTADUAL;CONCESSIONÁRIA-ARTESP;VIAPAULISTA;PUBLICO;-21,278741450270736;-47,804600248399126;NOITE (VIA NÃO ILUMINADA);SECA;DUPLA;AUTOMOVEL;Rodovias;BOM;SUL;Mais que 100km/h;1;Até 30 dias
3075664;100919;4378;2021;2021/08/26;26;AGOSTO;2021;2021.08;QUINTA;06:30:00;MANHA;RIBEIRAO PRETO;Ribeirão Preto;SP 330;313,0;ESTADUAL;CONCESSIONÁRIA-ARTESP;VIAPAULISTA;PUBLICO;-21,15750165780579;-47,756571693316175;LUZ SOLAR;SECA;DUPLA;AUTOMOVEL;Rodovias;BOM;SUL;Entre 90 e 100km/h;2;Até 30 dias
3075457;100919;4069;2021;2021/08/13;13;AGOSTO;2021;2021.08;SEXTA;01:40:00;MADRUGADA;RIBEIRAO PRETO;Ribeirão Preto;SP 322;325,8;ESTADUAL;CONCESSIONÁRIA-ARTESP;ENTREVIAS;PUBLICO;-21,16767117709006;-47,89967897710884;NOITE (VIA NÃO ILUMINADA);SECA;DUPLA;NAO DISPONIVEL;Rodovias;BOM;OESTE;Mais que 100km/h;1;Até 30 dias
3075028;100919;3370;2021;2021/07/10;10;JULHO;2021;2021.07;SÁBADO;01:35:00;MADRUGADA;RIBEIRAO PRETO;Ribeirão Preto;SP 328;332,5;ESTADUAL;CONCESSIONÁRIA-ARTESP;ENTREVIAS;PUBLICO;-21,118224959839974;-47,82967961253209;NOITE (VIA NÃO ILUMINADA);SECA;DUPLA;NAO DISPONIVEL;Rodovias;BOM;NORTE;Mais que 100km/h;1;Até 30 dias
3074709;100919;2987;2021;2021/06/12;12;JUNHO;2021;2021.06;SÁBADO;20:09:00;NOITE;RIBEIRAO PRETO;Ribeirão Preto;SP 333;48,0;ESTADUAL;DER;DR08 - Ribeirão Preto;PUBLICO;-21,207911367125465;-47,69090655276308;NOITE (VIA NÃO ILUMINADA);SECA;DUPLA;NÃO HÁ;Rodovias;BOM;LESTE;Entre 90 e 100km/h;1;Até 30 dias
3074167;100919;2373;2021;2021/05/11;11;MAIO;2021;2021.05;TERÇA;06:40:00;MANHA;RIBEIRAO PRETO;Ribeirão Preto;SP 330;307,52;ESTADUAL;CONCESSIONÁRIA-ARTESP;VIAPAULISTA;PUBLICO;-21,208714399594804;-47,75851713428123;LUZ SOLAR;SECA;DUPLA;NÃO HÁ;Rodovias;BOM;SUL;Entre 60 e 69km/h;1;Até 30 dias
3074076;100919;2223;2021;2021/05/01;1;MAIO;2021;2021.05;SÁBADO;18:07:00;NOITE;RIBEIRAO PRETO;Ribeirão Preto;SP 291;1,15;ESTADUAL;DER;DR08 - Ribeirão Preto;PUBLICO;-21,202846771379633;-47,886937635199516;NOITE (VIA NÃO ILUMINADA);SECA;SIMPLES;AUTOMOVEL;Rodovias;BOM;SUL;Entre 90 e 100km/h;2;Até 30 dias
3073952;100919;1923;2021;2021/04/15;15;ABRIL;2021;2021.04;QUINTA;18:30:00;NOITE;RIBEIRAO PRETO;Ribeirão Preto;SP 322;330,8;ESTADUAL;CONCESSIONÁRIA-ARTESP;ENTREVIAS;PUBLICO;-21,16320134516023;-47,94508504847178;NOITE (VIA NÃO ILUMINADA);SECA;DUPLA;CAMINHAO;Rodovias;BOM;SUL;Entre 90 e 100km/h;1;Até 30 dias
3073443;100919;1251;2021;2021/03/09;9;MARÇO;2021;2021.03;TERÇA;01:20:00;MADRUGADA;RIBEIRAO PRETO;Ribeirão Preto;SP 322;315,3;ESTADUAL;CONCESSIONÁRIA-ARTESP;ENTREVIAS;PUBLICO;-21,221504814355278;-47,82233788105945;NOITE (VIA NÃO ILUMINADA);SECA;DUPLA;AUTOMOVEL;Rodovias;BOM;OESTE;Entre 90 e 100km/h;1;Até 30 dias
3073361;100919;1146;2021;2021/03/03;3;MARÇO;2021;2021.03;QUARTA;01:45:00;MADRUGADA;RIBEIRAO PRETO;Ribeirão Preto;SP 330;301,1;ESTADUAL;CONCESSIONÁRIA-ARTESP;VIAPAULISTA;PUBLICO;-21,266210011908527;-47,75591611029935;NAO DISPONIVEL;NAO DISPONIVEL;NAO DISPONIVEL;CAMINHAO;Rodovias;NAO DISPONIVEL;NAO DISPONIVEL;NAO DISPONIVEL;1;Até 30 dias
3073254;100919;965;2021;2021/02/22;22;FEVEREIRO;2021;2021.02;SEGUNDA;19:31:00;NOITE;RIBEIRAO PRETO;Ribeirão Preto;SP 330;322,0;ESTADUAL;CONCESSIONÁRIA-ARTESP;ENTREVIAS;PUBLICO;-21,08610111534472;-47,799459527510955;NOITE (VIA NÃO ILUMINADA);SECA;DUPLA;CAMINHAO;Rodovias;BOM;SUL;Mais que 100km/h;1;Até 30 dias
3073245;100919;977;2021;2021/02/22;22;FEVEREIRO;2021;2021.02;SEGUNDA;07:26:00;MANHA;RIBEIRAO PRETO;Ribeirão Preto;SP 322;308,0;ESTADUAL;CONCESSIONÁRIA-ARTESP;ENTREVIAS;PUBLICO;-21,206778406280712;-47,760852120270826;NAO DISPONIVEL;NAO DISPONIVEL;NAO DISPONIVEL;CAMINHAO;Rodovias;NAO DISPONIVEL;NAO DISPONIVEL;NAO DISPONIVEL;1;Até 30 dias
3073256;100919;966;2021;2021/02/21;21;FEVEREIRO;2021;2021.02;DOMINGO;20:20:00;NOITE;RIBEIRAO PRETO;Ribeirão Preto;SP 330;311,9;ESTADUAL;CONCESSIONÁRIA-ARTESP;VIAPAULISTA;PUBLICO;-21,167775283906778;-47,756363678693006;NAO DISPONIVEL;NAO DISPONIVEL;NAO DISPONIVEL;NÃO HÁ;Rodovias;NAO DISPONIVEL;NAO DISPONIVEL;NAO DISPONIVEL;1;Até 30 dias
3073075;100919;709;2021;2021/02/07;7;FEVEREIRO;2021;2021.02;DOMINGO;20:20:00;NOITE;RIBEIRAO PRETO;Ribeirão Preto;SP 328;325,0;ESTADUAL;CONCESSIONÁRIA-ARTESP;ENTREVIAS;PUBLICO;-21,15323781888746;-47,88956782600012;NOITE (VIA NÃO ILUMINADA);SECA;DUPLA;AUTOMOVEL;Rodovias;BOM;SUL;Mais que 100km/h;2;Até 30 dias
3082679;100919;1003847076;2022;2022/12/25;25;DEZEMBRO;2022;2022.12;DOMINGO;18:19:00;NOITE;RIBEIRAO PRETO;Ribeirão Preto;AVENIDA ALFREDO RAVANELI;5835,0;MUNICIPAL;PREFEITURA;PREFEITURA;PUBLICO;-21,17243091014161;-47,723870215340746;ENTARDECER/AMANHECER;SECA;DUPLA;NÃO HÁ;Vias Municipais;BOM;INTERNO;Entre 40 e 49km/h;1;Até 30 dias
3082641;100919;1003720776;2022;2022/12/15;15;DEZEMBRO;2022;2022.12;QUINTA;00:10:00;MADRUGADA;RIBEIRAO PRETO;Ribeirão Preto;AVENIDA EDUARDO ANDREIA MATARAZZO;5560,0;MUNICIPAL;PREFEITURA;PREFEITURA;PUBLICO;-21,109470889218283;-47,80862188465924;NAO DISPONIVEL;NAO DISPONIVEL;NAO DISPONIVEL;AUTOMOVEL;Vias Municipais;NAO DISPONIVEL;NAO DISPONIVEL;NAO DISPONIVEL;1;Até 30 dias
3082256;100919;1003524711;2022;2022/11/29;29;NOVEMBRO;2022;2022.11;TERÇA;07:48:00;MANHA;RIBEIRAO PRETO;Ribeirão Preto;AVENIDA IVO PARESCHI;1420,0;MUNICIPAL;PREFEITURA;PREFEITURA;PUBLICO;-21,13829729437656;-47,8509894166043;NAO DISPONIVEL;NAO DISPONIVEL;NAO DISPONIVEL;MOTOCICLETA;Vias Municipais;NAO DISPONIVEL;NAO DISPONIVEL;NAO DISPONIVEL;1;Até 30 dias
3082246;100919;1003503787;2022;2022/11/27;27;NOVEMBRO;2022;2022.11;DOMINGO;20:50:00;NOITE;RIBEIRAO PRETO;Ribeirão Preto;SP 330;317,0;ESTADUAL;CONCESSIONÁRIA-ARTESP;VIAPAULISTA;PUBLICO;-21,124066001339198;-47,77218986288485;NOITE (VIA ILUMINADA);SECA;DUPLA;NÃO HÁ;Rodovias;BOM;NORTE;Entre 90 e 100km/h;1;Até 30 dias
3082096;100919;10798;2022;2022/11/16;16;NOVEMBRO;2022;2022.11;QUARTA;06:52:00;MANHA;RIBEIRAO PRETO;Ribeirão Preto;AVENIDA LUIGI ROSIELLO;505,0;MUNICIPAL;PREFEITURA;PREFEITURA;PUBLICO;-21,1638069;-47,8437342;NAO DISPONIVEL;NAO DISPONIVEL;NAO DISPONIVEL;MOTOCICLETA;Vias Municipais;NAO DISPONIVEL;NAO DISPONIVEL;NAO DISPONIVEL;1;Até 30 dias
3082066;100919;10745;2022;2022/11/14;14;NOVEMBRO;2022;2022.11;SEGUNDA;17:42:00;TARDE;RIBEIRAO PRETO;Ribeirão Preto;NAO DISPONIVEL;NAO DISPONIVEL;NAO DISPONIVEL;NAO DISPONIVEL;NAO DISPONIVEL;NAO DISPONIVEL;NAO DISPONIVEL;NAO DISPONIVEL;NAO DISPONIVEL;NAO DISPONIVEL;NAO DISPONIVEL;NAO DISPONIVEL;NAO DISPONIVEL;NAO DISPONIVEL;NAO DISPONIVEL;NAO DISPONIVEL;1;Até 30 dias
3082026;100919;10692;2022;2022/11/13;13;NOVEMBRO;2022;2022.11;DOMINGO;04:56:00;MADRUGADA;RIBEIRAO PRETO;Ribeirão Preto;AVENIDA FABIO BARRETO;146,0;MUNICIPAL;PREFEITURA;PREFEITURA;PUBLICO;-21,1681955;-47,8125256;NAO DISPONIVEL;NAO DISPONIVEL;NAO DISPONIVEL;NÃO HÁ;Vias Municipais;NAO DISPONIVEL;NAO DISPONIVEL;NAO DISPONIVEL;2;Até 30 dias
3081880;100919;10419;2022;2022/11/03;3;NOVEMBRO;2022;2022.11;QUINTA;19:33:00;NOITE;RIBEIRAO PRETO;Ribeirão Preto;SP 330;315,7;ESTADUAL;CONCESSIONÁRIA-ARTESP;VIAPAULISTA;PUBLICO;-21,133978845515912;-47,7651424794705;NAO DISPONIVEL;NAO DISPONIVEL;NAO DISPONIVEL;NAO DISPONIVEL;Rodovias;NAO DISPONIVEL;NAO DISPONIVEL;NAO DISPONIVEL;1;Até 30 dias
3081862;100919;10284;2022;2022/10/31;31;OUTUBRO;2022;2022.10;SEGUNDA;16:18:00;TARDE;RIBEIRAO PRETO;Ribeirão Preto;RUA CARLOS CESAR TONELO;NAO DISPONIVEL;MUNICIPAL;PREFEITURA;PREFEITURA;PUBLICO;NAO DISPONIVEL;NAO DISPONIVEL;NAO DISPONIVEL;NAO DISPONIVEL;NAO DISPONIVEL;AUTOMOVEL;Vias Municipais;NAO DISPONIVEL;NAO DISPONIVEL;NAO DISPONIVEL;1;Até 30 dias
3081759;100929;1742;2022;2022/10/24;24;OUTUBRO;2022;2022.10;SEGUNDA;22:20:00;NOITE;RIBEIRAO PRETO;Ribeirão Preto;RUA BAHIA;1234,0;MUNICIPAL;PREFEITURA;PREFEITURA;PUBLICO;-21,152783952480092;-47,81483364846746;NAO DISPONIVEL;NAO DISPONIVEL;NAO DISPONIVEL;AUTOMOVEL;Vias Municipais;NAO DISPONIVEL;NAO DISPONIVEL;NAO DISPONIVEL;1;Até 30 dias
3081346;100919;9264;2022;2022/10/01;1;OUTUBRO;2022;2022.10;SÁBADO;18:12:00;NOITE;RIBEIRAO PRETO;Ribeirão Preto;NAO DISPONIVEL;NAO DISPONIVEL;NAO DISPONIVEL;NAO DISPONIVEL;NAO DISPONIVEL;PUBLICO;NAO DISPONIVEL;NAO DISPONIVEL;NAO DISPONIVEL;NAO DISPONIVEL;NAO DISPONIVEL;MOTOCICLETA;NAO DISPONIVEL;NAO DISPONIVEL;NAO DISPONIVEL;NAO DISPONIVEL;1;Até 30 dias
3081279;100919;9075;2022;2022/09/26;26;SETEMBRO;2022;2022.09;SEGUNDA;12:19:00;TARDE;RIBEIRAO PRETO;Ribeirão Preto;SPA 318/330;1,175;ESTADUAL;CONCESSIONÁRIA-ARTESP;VIAPAULISTA;PUBLICO;-21,120886994363868;-47,78644471070402;LUZ SOLAR;SECA;DUPLA;NÃO HÁ;Rodovias;BOM;INTERNO;Entre 40 e 49km/h;1;Até 30 dias
3081272;100919;9043;2022;2022/09/25;25;SETEMBRO;2022;2022.09;DOMINGO;19:15:00;NOITE;RIBEIRAO PRETO;Ribeirão Preto;AVENIDA IVO PARESCHI;503,0;MUNICIPAL;PREFEITURA;PREFEITURA;PUBLICO;-21,1345868674339;-47,84485761349444;NAO DISPONIVEL;NAO DISPONIVEL;NAO DISPONIVEL;NAO DISPONIVEL;Vias Municipais;NAO DISPONIVEL;NAO DISPONIVEL;NAO DISPONIVEL;1;Até 30 dias
3081233;100919;8986;2022;2022/09/24;24;SETEMBRO;2022;2022.09;SÁBADO;01:37:00;MADRUGADA;RIBEIRAO PRETO;Ribeirão Preto;AVENIDA DOUTOR FRANCISCO JUNQUEIRA;800,0;MUNICIPAL;PREFEITURA;PREFEITURA;PUBLICO;-21,174038961723777;-47,8051973;NOITE (VIA ILUMINADA);SECA;SIMPLES;AUTOMOVEL;Vias Municipais;BOM;NORTE;Entre 70 e 79km/h;1;Até 30 dias