ID;Id Delegacia (RDO);Número BO (RDO);Ano BO (RDO);Data do Acidente;Dia do Acidente;Mês do Acidente;Ano do Acidente;Ano/Mês do Acidente;Dia da semana;Hora do Acidente;Turno;Município;Região Administrativa;Logradouro;Numeral / KM;Jurisdição;Administração;Conservação;Tipo do Local do Acidente;Lat (GEO);Long (GEO);Iluminação da via (SIOPM);Superfície da Via (SIOPM);Tipo de pista (SIOPM);Outro Veículo Envolvido;Tipo de via;Condições Climáticas (SIOPM);Sentido da Via (SIOPM);Limite da velocidade da via (SIOPM);Quantidade de vítimas;Tempo entre o Acidente e as Mortes
3080186;100919;6983;2022;2022/07/29;29;JULHO;2022;2022.07;SEXTA;20:15:00;NOITE;RIBEIRAO PRETO;Ribeirão Preto;SPA 318/330;1,0;ESTADUAL;CONCESSIONÁRIA-ARTESP;VIAPAULISTA;PUBLICO;-21,119390310956533;-47,7860644769705;NAO DISPONIVEL;NAO DISPONIVEL;NAO DISPONIVEL;NAO DISPONIVEL;Rodovias;NAO DISPONIVEL;NAO DISPONIVEL;NAO DISPONIVEL;1;Até 30 dias
3080116;100919;6722;2022;2022/07/21;21;JULHO;2022;2022.07;QUINTA;05:30:00;MADRUGADA;RIBEIRAO PRETO;Ribeirão Preto;SP 328;332,4;ESTADUAL;CONCESSIONÁRIA-ARTESP;ENTREVIAS;PUBLICO;-21,118700815153545;-47,83049482440891;NAO DISPONIVEL;NAO DISPONIVEL;NAO DISPONIVEL;AUTOMOVEL;Rodovias;NAO DISPONIVEL;NAO DISPONIVEL;NAO DISPONIVEL;1;Até 30 dias
3080062;100919;6555;2022;2022/07/16;16;JULHO;2022;2022.07;SÁBADO;05:00:00;MADRUGADA;RIBEIRAO PRETO;Ribeirão Preto;SP 330;319,8;ESTADUAL;CONCESSIONÁRIA-ARTESP;ENTREVIAS;PUBLICO;-21,102410007712212;-47,787740053492904;NAO DISPONIVEL;NAO DISPONIVEL;NAO DISPONIVEL;AUTOMOVEL;Rodovias;NAO DISPONIVEL;NAO DISPONIVEL;NAO DISPONIVEL;1;Até 30 dias
3079537;100919;5352;2022;2022/06/11;11;JUNHO;2022;2022.06;SÁBADO;02:27:00;MADRUGADA;RIBEIRAO PRETO;Ribeirão Preto;SP 328;309,85;ESTADUAL;CONCESSIONÁRIA-ARTESP;VIAPAULISTA;PUBLICO;-21,243284378008465;-47,819917913412525;NAO DISPONIVEL;NAO DISPONIVEL;NAO DISPONIVEL;AUTOMOVEL;Rodovias;NAO DISPONIVEL;NAO DISPONIVEL;NAO DISPONIVEL;1;Até 30 dias
3078764;100919;5139;2022;2022/06/04;4;JUNHO;2022;2022.06;SÁBADO;07:20:00;MANHA;RIBEIRAO PRETO;Ribeirão Preto;SP 328;328,0;ESTADUAL;CONCESSIONÁRIA-ARTESP;ENTREVIAS;PUBLICO;-21,13932664458692;-47,865761435409915;NAO DISPONIVEL;NAO DISPONIVEL;NAO DISPONIVEL;AUTOMOVEL;Rodovias;NAO DISPONIVEL;NAO DISPONIVEL;NAO DISPONIVEL;1;Até 30 dias
3078611;100919;4521;2022;2022/05/16;16;MAIO;2022;2022.05;SEGUNDA;18:15:00;NOITE;RIBEIRAO PRETO;Ribeirão Preto;SP 328;333,5;ESTADUAL;CONCESSIONÁRIA-ARTESP;ENTREVIAS;PUBLICO;-21,11346294531085;-47,82153039069344;NAO DISPONIVEL;NAO DISPONIVEL;NAO DISPONIVEL;AUTOMOVEL;Rodovias;NAO DISPONIVEL;NAO DISPONIVEL;NAO DISPONIVEL;1;Até 30 dias
3078570;100919;4424;2022;2022/05/14;14;MAIO;2022;2022.05;SÁBADO;03:23:00;MADRUGADA;RIBEIRAO PRETO;Ribeirão Preto;SP 330;310,2;ESTADUAL;CONCESSIONÁRIA-ARTESP;VIAPAULISTA;PUBLICO;-21,18365895184403;-47,7571947105522;NAO DISPONIVEL;NAO DISPONIVEL;NAO DISPONIVEL;AUTOMOVEL;Rodovias;NAO DISPONIVEL;NAO DISPONIVEL;NAO DISPONIVEL;1;Até 30 dias
3078561;100919;4364;2022;2022/05/11;11;MAIO;2022;2022.05;QUARTA;17:00:00;TARDE;RIBEIRAO PRETO;Ribeirão Preto;SP 255;6,0;ESTADUAL;CONCESSIONÁRIA-ARTESP;VIAPAULISTA;PUBLICO;-21,248038281032358;-47,78749523248874;NAO DISPONIVEL;NAO DISPONIVEL;NAO DISPONIVEL;CAMINHAO;Rodovias;NAO DISPONIVEL;NAO DISPONIVEL;NAO DISPONIVEL;1;Até 30 dias
3078502;100919;3928;2022;2022/04/29;29;ABRIL;2022;2022.04;SEXTA;00:30:00;MADRUGADA;RIBEIRAO PRETO;Ribeirão Preto;SP 330;314,8;ESTADUAL;CONCESSIONÁRIA-ARTESP;VIAPAULISTA;PUBLICO;-21,141351592988403;-47,761093242719504;NAO DISPONIVEL;NAO DISPONIVEL;NAO DISPONIVEL;AUTOMOVEL;Rodovias;NAO DISPONIVEL;NAO DISPONIVEL;NAO DISPONIVEL;1;Até 30 dias
3078471;100919;3750;2022;2022/04/23;23;ABRIL;2022;2022.04;SÁBADO;17:38:00;TARDE;RIBEIRAO PRETO;Ribeirão Preto;SP 330;321,0;ESTADUAL;CONCESSIONÁRIA-ARTESP;ENTREVIAS;PUBLICO;-21,0929421;-47,7945373;NAO DISPONIVEL;NAO DISPONIVEL;NAO DISPONIVEL;CAMINHAO;Rodovias;NAO DISPONIVEL;NAO DISPONIVEL;NAO DISPONIVEL;1;Até 30 dias
3078855;100919;3165;2022;2022/04/05;5;ABRIL;2022;2022.04;TERÇA;20:25:00;NOITE;RIBEIRAO PRETO;Ribeirão Preto;SP 330;315,0;ESTADUAL;CONCESSIONÁRIA-ARTESP;VIAPAULISTA;PUBLICO;-21,139654656376184;-47,76188120464157;NAO DISPONIVEL;NAO DISPONIVEL;NAO DISPONIVEL;MOTOCICLETA;Rodovias;NAO DISPONIVEL;NAO DISPONIVEL;NAO DISPONIVEL;1;Até 30 dias
3078833;100919;3051;2022;2022/04/02;2;ABRIL;2022;2022.04;SÁBADO;17:20:00;TARDE;RIBEIRAO PRETO;Ribeirão Preto;SP 291;4,5;ESTADUAL;DER;DR08 - Ribeirão Preto;PUBLICO;-21,214679487463908;-47,91676895626118;NAO DISPONIVEL;NAO DISPONIVEL;NAO DISPONIVEL;CAMINHAO;Rodovias;NAO DISPONIVEL;NAO DISPONIVEL;NAO DISPONIVEL;1;Até 30 dias
3078335;100919;2684;2022;2022/03/23;23;MARÇO;2022;2022.03;QUARTA;07:55:00;MANHA;RIBEIRAO PRETO;Ribeirão Preto;SP 328;335,7;ESTADUAL;CONCESSIONÁRIA-ARTESP;ENTREVIAS;PUBLICO;-21,102677844203505;-47,80310055227428;NAO DISPONIVEL;NAO DISPONIVEL;NAO DISPONIVEL;CAMINHAO;Rodovias;NAO DISPONIVEL;NAO DISPONIVEL;NAO DISPONIVEL;1;Até 30 dias
3078248;100919;2471;2022;2022/03/17;17;MARÇO;2022;2022.03;QUINTA;12:20:00;TARDE;RIBEIRAO PRETO;Ribeirão Preto;SP 255;17,0;ESTADUAL;CONCESSIONÁRIA-ARTESP;VIAPAULISTA;PUBLICO;-21,337427326753975;-47,83503953381685;NAO DISPONIVEL;NAO DISPONIVEL;NAO DISPONIVEL;AUTOMOVEL;Rodovias;NAO DISPONIVEL;NAO DISPONIVEL;NAO DISPONIVEL;1;Até 30 dias
3078097;100919;2091;2022;2022/03/06;6;MARÇO;2022;2022.03;DOMINGO;19:25:00;NOITE;RIBEIRAO PRETO;Ribeirão Preto;SP 334;319,0;ESTADUAL;CONCESSIONÁRIA-ARTESP;VIAPAULISTA;PUBLICO;-21,1110840589999;-47,779839594;NAO DISPONIVEL;NAO DISPONIVEL;NAO DISPONIVEL;NAO DISPONIVEL;Rodovias;NAO DISPONIVEL;NAO DISPONIVEL;NAO DISPONIVEL;1;Até 30 dias
3077605;100919;724;2022;2022/01/23;23;JANEIRO;2022;2022.01;DOMINGO;21:30:00;NOITE;RIBEIRAO PRETO;Ribeirão Preto;SP 328;332,8;ESTADUAL;CONCESSIONÁRIA-ARTESP;ENTREVIAS;PUBLICO;-21,116797197396693;-47,82723483187981;NAO DISPONIVEL;NAO DISPONIVEL;NAO DISPONIVEL;AUTOMOVEL;Rodovias;NAO DISPONIVEL;NAO DISPONIVEL;NAO DISPONIVEL;1;Até 30 dias
3077685;100919;684;2022;2022/01/22;22;JANEIRO;2022;2022.01;SÁBADO;20:00:00;NOITE;RIBEIRAO PRETO;Ribeirão Preto;SP 330;316,0;ESTADUAL;CONCESSIONÁRIA-ARTESP;VIAPAULISTA;PUBLICO;-21,131667074488274;-47,76673396857362;NAO DISPONIVEL;NAO DISPONIVEL;NAO DISPONIVEL;NÃO HÁ;Rodovias;NAO DISPONIVEL;NAO DISPONIVEL;NAO DISPONIVEL;1;Até 30 dias
3077564;100919;529;2022;2022/01/16;16;JANEIRO;2022;2022.01;DOMINGO;14:45:00;TARDE;RIBEIRAO PRETO;Ribeirão Preto;SP 330;317,5;ESTADUAL;CONCESSIONÁRIA-ARTESP;VIAPAULISTA;PUBLICO;-21,120268078159178;-47,774921446980386;NAO DISPONIVEL;NAO DISPONIVEL;NAO DISPONIVEL;NÃO HÁ;Rodovias;NAO DISPONIVEL;NAO DISPONIVEL;NAO DISPONIVEL;2;Até 30 dias
3077458;100919;325;2022;2022/01/12;12;JANEIRO;2022;2022.01;QUARTA;23:17:00;NOITE;RIBEIRAO PRETO;Ribeirão Preto;SP 330;307,59;ESTADUAL;CONCESSIONÁRIA-ARTESP;VIAPAULISTA;PUBLICO;-21,14799217;-47,7585724579999;NAO DISPONIVEL;NAO DISPONIVEL;NAO DISPONIVEL;CAMINHAO;Rodovias;NAO DISPONIVEL;NAO DISPONIVEL;NAO DISPONIVEL;1;Até 30 dias
3083837;100919;1004998274;2023;2023/03/27;27;MARÇO;2023;2023.03;SEGUNDA;23:13:00;NOITE;RIBEIRAO PRETO;Ribeirão Preto;SP 328;333,0;ESTADUAL;CONCESSIONÁRIA-ARTESP;ENTREVIAS;PUBLICO;-21,11583800625556;-47,82560881936973;NOITE (VIA NÃO ILUMINADA);SECA;DUPLA;AUTOMOVEL;Rodovias;BOM;SUL;Mais que 100km/h;1;Até 30 dias
3083790;100919;1004942972;2023;2023/03/23;23;MARÇO;2023;2023.03;QUINTA;12:18:00;TARDE;RIBEIRAO PRETO;Ribeirão Preto;AVENIDA REBOUCAS;NAO DISPONIVEL;MUNICIPAL;PREFEITURA;PREFEITURA;PUBLICO;-21,25938731673159;-47,82116514446813;LUZ SOLAR;SECA;DUPLA;NÃO HÁ;Vias Municipais;BOM;LESTE;Entre 60 e 69km/h;1;Até 30 dias
3083961;100919;1004859917;2023;2023/03/17;17;MARÇO;2023;2023.03;SEXTA;05:00:00;MADRUGADA;RIBEIRAO PRETO;Ribeirão Preto;SP 330;313,8;ESTADUAL;CONCESSIONÁRIA-ARTESP;VIAPAULISTA;PUBLICO;-21,150152403351772;-47,757954604624516;NAO DISPONIVEL;NAO DISPONIVEL;NAO DISPONIVEL;AUTOMOVEL;Rodovias;NAO DISPONIVEL;NAO DISPONIVEL;NAO DISPONIVEL;1;Até 30 dias
3083619;100919;1004758952;2023;2023/03/09;9;MARÇO;2023;2023.03;QUINTA;10:33:00;MANHA;RIBEIRAO PRETO;Ribeirão Preto;SP 330;307,59;ESTADUAL;CONCESSIONÁRIA-ARTESP;VIAPAULISTA;PUBLICO;-21,16025007622665;-47,75543014360377;LUZ SOLAR;SECA;DUPLA;CAMINHAO;Rodovias;BOM;EXTERNO;Entre 60 e 69km/h;1;Até 30 dias
3083577;100919;1004700524;2023;2023/03/05;5;MARÇO;2023;2023.03;DOMINGO;19:57:00;NOITE;RIBEIRAO PRETO;Ribeirão Preto;RUA ANTONIO MUGNATO MARINCEK;NAO DISPONIVEL;MUNICIPAL;PREFEITURA;PREFEITURA;PUBLICO;NAO DISPONIVEL;NAO DISPONIVEL;NAO DISPONIVEL;NAO DISPONIVEL;NAO DISPONIVEL;NAO DISPONIVEL;Vias Municipais;NAO DISPONIVEL;NAO DISPONIVEL;NAO DISPONIVEL;1;Até 30 dias
3083513;100919;1004682852;2023;2023/03/03;3;MARÇO;2023;2023.03;SEXTA;19:20:00;NOITE;RIBEIRAO PRETO;Ribeirão Preto;SP 328;323,7;ESTADUAL;CONCESSIONÁRIA-ARTESP;ENTREVIAS;PUBLICO;-21,162009667067316;-47,89752956793077;NOITE (VIA NÃO ILUMINADA);SECA;DUPLA;NÃO HÁ;Rodovias;BOM;SUL;Mais que 100km/h;1;Até 30 dias
3083507;100919;1004675666;2023;2023/03/01;1;MARÇO;2023;2023.03;QUARTA;19:00:00;NOITE;RIBEIRAO PRETO;Ribeirão Preto;RUA FELISBERTO DE CARVALHO;79,0;MUNICIPAL;PREFEITURA;PREFEITURA;PUBLICO;-21,14005608256234;-47,84477932719186;NAO DISPONIVEL;NAO DISPONIVEL;NAO DISPONIVEL;AUTOMOVEL;Vias Municipais;NAO DISPONIVEL;NAO DISPONIVEL;NAO DISPONIVEL;1;Até 30 dias
3083448;100919;1004544620;2023;2023/02/21;21;FEVEREIRO;2023;2023.02;TERÇA;15:15:00;TARDE;RIBEIRAO PRETO;Ribeirão Preto;RUA GENERAL CAMARA;2451,0;MUNICIPAL;PREFEITURA;PREFEITURA;PUBLICO;-21,13930566170194;-47,813713169323364;NAO DISPONIVEL;NAO DISPONIVEL;NAO DISPONIVEL;AUTOMOVEL;Vias Municipais;NAO DISPONIVEL;NAO DISPONIVEL;NAO DISPONIVEL;1;Até 30 dias
3083299;100919;1004500467;2023;2023/02/16;16;FEVEREIRO;2023;2023.02;QUINTA;12:26:00;TARDE;RIBEIRAO PRETO;Ribeirão Preto;NAO DISPONIVEL;NAO DISPONIVEL;NAO DISPONIVEL;NAO DISPONIVEL;NAO DISPONIVEL;PUBLICO;NAO DISPONIVEL;NAO DISPONIVEL;NAO DISPONIVEL;NAO DISPONIVEL;NAO DISPONIVEL;AUTOMOVEL;NAO DISPONIVEL;NAO DISPONIVEL;NAO DISPONIVEL;NAO DISPONIVEL;1;Até 30 dias
3083490;100400;1004478601;2023;2023/02/15;15;FEVEREIRO;2023;2023.02;QUARTA;08:10:00;MANHA;RIBEIRAO PRETO;Ribeirão Preto;SP 330;311,0;ESTADUAL;CONCESSIONÁRIA-ARTESP;VIAPAULISTA;PUBLICO;-21,176183276236312;-47,75681903402788;LUZ SOLAR;SECA;DUPLA;MOTOCICLETA;Rodovias;BOM;SUL;Entre 60 e 69km/h;1;Até 30 dias
3083286;100919;1004460691;2023;2023/02/14;14;FEVEREIRO;2023;2023.02;TERÇA;07:50:00;MANHA;RIBEIRAO PRETO;Ribeirão Preto;RUA MAX JOAO WALDEMAR JENTZSCH;240,0;MUNICIPAL;PREFEITURA;PREFEITURA;PUBLICO;-21,14267614593678;-47,839321493610115;LUZ SOLAR;SECA;DUPLA;NÃO HÁ;Vias Municipais;BOM;INTERNO;Entre 40 e 49km/h;1;Até 30 dias
3083280;100919;1004454198;2023;2023/02/13;13;FEVEREIRO;2023;2023.02;SEGUNDA;10:10:00;MANHA;RIBEIRAO PRETO;Ribeirão Preto;RUA EUCLIDES DA CUNHA;1042,0;MUNICIPAL;PREFEITURA;PREFEITURA;PUBLICO;-21,188286024017117;-47,830184906354695;LUZ SOLAR;SECA;SIMPLES;MOTOCICLETA;Vias Municipais;BOM;LESTE;Entre 40 e 49km/h;1;Até 30 dias
3083214;100919;1004416520;2023;2023/02/10;10;FEVEREIRO;2023;2023.02;SEXTA;09:47:00;MANHA;RIBEIRAO PRETO;Ribeirão Preto;AVENIDA ERNESTO GUEVARA LA SERNA;1,0;MUNICIPAL;PREFEITURA;PREFEITURA;PUBLICO;-21,119089719643952;-47,826072153125324;LUZ SOLAR;SECA;DUPLA;CAMINHAO;Vias Municipais;BOM;NORTE;Entre 30 e 39km/h;1;Até 30 dias
3083227;100919;1004416408;2023;2023/02/08;8;FEVEREIRO;2023;2023.02;QUARTA;08:00:00;MANHA;RIBEIRAO PRETO;Ribeirão Preto;RUA JOAO BIM;2299,0;MUNICIPAL;PREFEITURA;PREFEITURA;PUBLICO;-21,17653110935709;-47,781649435634506;NAO DISPONIVEL;NAO DISPONIVEL;NAO DISPONIVEL;AUTOMOVEL;Vias Municipais;NAO DISPONIVEL;NAO DISPONIVEL;NAO DISPONIVEL;1;Até 30 dias
3083171;100919;1004347129;2023;2023/02/05;5;FEVEREIRO;2023;2023.02;DOMINGO;20:00:00;NOITE;RIBEIRAO PRETO;Ribeirão Preto;SP 328;335,0;ESTADUAL;CONCESSIONÁRIA-ARTESP;ENTREVIAS;PUBLICO;-21,10625045077062;-47,80918392727402;NOITE (VIA NÃO ILUMINADA);SECA;DUPLA;CAMINHAO;Rodovias;BOM;SUL;Mais que 100km/h;1;Até 30 dias
3083113;100919;1004299480;2023;2023/02/01;1;FEVEREIRO;2023;2023.02;QUARTA;11:03:00;MANHA;RIBEIRAO PRETO;Ribeirão Preto;RUA CORONEL AMERICO BATISTA;1678,0;MUNICIPAL;PREFEITURA;PREFEITURA;PUBLICO;-21,144342291860777;-47,82083390370664;NAO DISPONIVEL;NAO DISPONIVEL;NAO DISPONIVEL;AUTOMOVEL;Vias Municipais;NAO DISPONIVEL;NAO DISPONIVEL;NAO DISPONIVEL;1;Até 30 dias
3083112;100919;1004307690;2023;2023/02/01;1;FEVEREIRO;2023;2023.02;QUARTA;21:20:00;NOITE;RIBEIRAO PRETO;Ribeirão Preto;SP 330;313,0;ESTADUAL;CONCESSIONÁRIA-ARTESP;VIAPAULISTA;PUBLICO;-21,15750165780579;-47,756571693316175;NOITE (VIA ILUMINADA);MOLHADA;DUPLA;CAMINHAO;Rodovias;CHUVA;SUL;Entre 90 e 100km/h;1;Até 30 dias
3083054;100919;1004257561;2023;2023/01/29;29;JANEIRO;2023;2023.01;DOMINGO;11:42:00;MANHA;RIBEIRAO PRETO;Ribeirão Preto;AVENIDA EDUARDO ANDREIA MATARAZZO;7555,0;MUNICIPAL;PREFEITURA;PREFEITURA;PUBLICO;-21,145455409657757;-47,8045911423286;NAO DISPONIVEL;NAO DISPONIVEL;NAO DISPONIVEL;NÃO HÁ;Vias Municipais;NAO DISPONIVEL;NAO DISPONIVEL;NAO DISPONIVEL;1;Até 30 dias
3083001;100919;1004253340;2023;2023/01/28;28;JANEIRO;2023;2023.01;SÁBADO;19:37:00;NOITE;RIBEIRAO PRETO;Ribeirão Preto;AVENIDA GENERAL EUCLIDES DE FIGUEIREDO;815,0;MUNICIPAL;PREFEITURA;PREFEITURA;PUBLICO;-21,115166591676353;-47,79626529234598;NOITE (VIA ILUMINADA);SECA;SIMPLES;NÃO HÁ;Vias Municipais;BOM;EXTERNO;Entre 40 e 49km/h;1;Até 30 dias
3082931;100919;1004169601;2023;2023/01/22;22;JANEIRO;2023;2023.01;DOMINGO;01:50:00;MADRUGADA;RIBEIRAO PRETO;Ribeirão Preto;SP 330;318,1;ESTADUAL;CONCESSIONÁRIA-ARTESP;VIAPAULISTA;PUBLICO;-21,11571583126367;-47,77820665879216;NOITE (VIA NÃO ILUMINADA);SECA;DUPLA;CAMINHAO;Rodovias;BOM;SUL;Entre 90 e 100km/h;1;Até 30 dias
3082841;900023;1004115970;2023;2023/01/13;13;JANEIRO;2023;2023.01;SEXTA;01:30:00;MADRUGADA;RIBEIRAO PRETO;Ribeirão Preto;SP 330;305,0;ESTADUAL;CONCESSIONÁRIA-ARTESP;VIAPAULISTA;PUBLICO;-21,23162015994001;-47,75963725849475;NOITE (VIA NÃO ILUMINADA);SECA;DUPLA;CAMINHAO;Rodovias;BOM;SUL;Mais que 100km/h;1;Até 30 dias
3082817;100919;1004064180;2023;2023/01/11;11;JANEIRO;2023;2023.01;QUARTA;12:00:00;TARDE;RIBEIRAO PRETO;Ribeirão Preto;NAO DISPONIVEL;NAO DISPONIVEL;NAO DISPONIVEL;NAO DISPONIVEL;NAO DISPONIVEL;NAO DISPONIVEL;NAO DISPONIVEL;NAO DISPONIVEL;NAO DISPONIVEL;NAO DISPONIVEL;NAO DISPONIVEL;NÃO HÁ;NAO DISPONIVEL;NAO DISPONIVEL;NAO DISPONIVEL;NAO DISPONIVEL;1;Até 30 dias
3082713;100919;1003920006;2023;2023/01/01;1;JANEIRO;2023;2023.01;DOMINGO;14:20:00;TARDE;RIBEIRAO PRETO;Ribeirão Preto;SP 333;54,0;ESTADUAL;DER;DR08 - Ribeirão Preto;PUBLICO;-21,206475195847915;-47,749286338969476;LUZ SOLAR;SECA;DUPLA;NÃO HÁ;Rodovias;BOM;OESTE;Entre 90 e 100km/h;1;Até 30 dias
3083289;100919;1004475365;2023;2022/11/12;12;NOVEMBRO;2022;2022.11;SÁBADO;20:13:00;NOITE;RIBEIRAO PRETO;Ribeirão Preto;RUA JOSE ARIGO;429,0;MUNICIPAL;PREFEITURA;PREFEITURA;PUBLICO;-21,17814722090014;-47,77660852582027;NAO DISPONIVEL;NAO DISPONIVEL;NAO DISPONIVEL;NÃO HÁ;Vias Municipais;NAO DISPONIVEL;NAO DISPONIVEL;NAO DISPONIVEL;1;Mais de 30 dias
3083837;100919;1004998274;2023;2023/03/27;27;MARÇO;2023;2023.03;SEGUNDA;23:13:00;NOITE;RIBEIRAO PRETO;Ribeirão Preto;SP 328;333,0;ESTADUAL;CONCESSIONÁRIA-ARTESP;ENTREVIAS;PUBLICO;-21,11583800625556;-47,82560881936973;NOITE (VIA NÃO ILUMINADA);SECA;DUPLA;AUTOMOVEL;Rodovias;BOM;SUL;Mais que 100km/h;1;Até 30 dias
3083961;100919;1004859917;2023;2023/03/17;17;MARÇO;2023;2023.03;SEXTA;05:00:00;MADRUGADA;RIBEIRAO PRETO;Ribeirão Preto;SP 330;313,8;ESTADUAL;CONCESSIONÁRIA-ARTESP;VIAPAULISTA;PUBLICO;-21,150152403351772;-47,757954604624516;NAO DISPONIVEL;NAO DISPONIVEL;NAO DISPONIVEL;AUTOMOVEL;Rodovias;NAO DISPONIVEL;NAO DISPONIVEL;NAO DISPONIVEL;1;Até 30 dias
3083619;100919;1004758952;2023;2023/03/09;9;MARÇO;2023;2023.03;QUINTA;10:33:00;MANHA;RIBEIRAO PRETO;Ribeirão Preto;SP 330;307,59;ESTADUAL;CONCESSIONÁRIA-ARTESP;VIAPAULISTA;PUBLICO;-21,16025007622665;-47,75543014360377;LUZ SOLAR;SECA;DUPLA;CAMINHAO;Rodovias;BOM;EXTERNO;Entre 60 e 69km/h;1;Até 30 dias
3083513;100919;1004682852;2023;2023/03/03;3;MARÇO;2023;2023.03;SEXTA;19:20:00;NOITE;RIBEIRAO PRETO;Ribeirão Preto;SP 328;323,7;ESTADUAL;CONCESSIONÁRIA-ARTESP;ENTREVIAS;PUBLICO;-21,162009667067316;-47,89752956793077;NOITE (VIA NÃO ILUMINADA);SECA;DUPLA;NÃO HÁ;Rodovias;BOM;SUL;Mais que 100km/h;1;Até 30 dias
3083490;100400;1004478601;2023;2023/02/15;15;FEVEREIRO;2023;2023.02;QUARTA;08:10:00;MANHA;RIBEIRAO PRETO;Ribeirão Preto;SP 330;311,0;ESTADUAL;CONCESSIONÁRIA-ARTESP;VIAPAULISTA;PUBLICO;-21,176183276236312;-47,75681903402788;LUZ SOLAR;SECA;DUPLA;MOTOCICLETA;Rodovias;BOM;SUL;Entre 60 e 69km/h;1;Até 30 dias
3083171;100919;1004347129;2023;2023/02/05;5;FEVEREIRO;2023;2023.02;DOMINGO;20:00:00;NOITE;RIBEIRAO PRETO;Ribeirão Preto;SP 328;335,0;ESTADUAL;CONCESSIONÁRIA-ARTESP;ENTREVIAS;PUBLICO;-21,10625045077062;-47,80918392727402;NOITE (VIA NÃO ILUMINADA);SECA;DUPLA;CAMINHAO;Rodovias;BOM;SUL;Mais que 100km/h;1;Até 30 dias
3083112;100919;1004307690;2023;2023/02/01;1;FEVEREIRO;2023;2023.02;QUARTA;21:20:00;NOITE;RIBEIRAO PRETO;Ribeirão Preto;SP 330;313,0;ESTADUAL;CONCESSIONÁRIA-ARTESP;VIAPAULISTA;PUBLICO;-21,15750165780579;-47,756571693316175;NOITE (VIA ILUMINADA);MOLHADA;DUPLA;CAMINHAO;Rodovias;CHUVA;SUL;Entre 90 e 100km/h;1;Até 30 dias
3082931;100919;1004169601;2023;2023/01/22;22;JANEIRO;2023;2023.01;DOMINGO;01:50:00;MADRUGADA;RIBEIRAO PRETO;Ribeirão Preto;SP 330;318,1;ESTADUAL;CONCESSIONÁRIA-ARTESP;VIAPAULISTA;PUBLICO;-21,11571583126367;-47,77820665879216;NOITE (VIA NÃO ILUMINADA);SECA;DUPLA;CAMINHAO;Rodovias;BOM;SUL;Entre 90 e 100km/h;1;Até 30 dias
3082841;900023;1004115970;2023;2023/01/13;13;JANEIRO;2023;2023.01;SEXTA;01:30:00;MADRUGADA;RIBEIRAO PRETO;Ribeirão Preto;SP 330;305,0;ESTADUAL;CONCESSIONÁRIA-ARTESP;VIAPAULISTA;PUBLICO;-21,23162015994001;-47,75963725849475;NOITE (VIA NÃO ILUMINADA);SECA;DUPLA;CAMINHAO;Rodovias;BOM;SUL;Mais que 100km/h;1;Até 30 dias
3082713;100919;1003920006;2023;2023/01/01;1;JANEIRO;2023;2023.01;DOMINGO;14:20:00;TARDE;RIBEIRAO PRETO;Ribeirão Preto;SP 333;54,0;ESTADUAL;DER;DR08 - Ribeirão Preto;PUBLICO;-21,206475195847915;-47,749286338969476;LUZ SOLAR;SECA;DUPLA;NÃO HÁ;Rodovias;BOM;OESTE;Entre 90 e 100km/h;1;Até 30 dias